LOCATION_ID,Country,State,City,Latitude,Longitude
LOBA00474,BR,BA,Alagoinhas,-12.10368,-38.35509
LOMG00475,BR,MG,Alfenas,-21.466445,-45.996509
LOMG00476,BR,MG,Alfenas,-21.466855,-45.984828
LOGO00487,BR,GO,Anápolis,-16.424773,-48.993149
LOGO00488,BR,GO,Anápolis,-16.33682,-48.98764
LOMG00489,BR,MG,Andradas,-22.11501,-46.60979
LOGO00500,BR,GO,Aparecida De Goiânia,-16.83137,-49.29617
LOGO00501,BR,GO,Aparecida De Goiânia,-16.823551,-49.275185
LOPR00503,BR,PR,Apucarana,-23.589266,-51.495113
LOPR00504,BR,PR,Apucarana,-23.589472,-51.495614
LOPR00505,BR,PR,Apucarana,-23.551175,-51.464377
LOSP00507,BR,SP,Araçariguama,-23.467887,-47.141173
LOSP00508,BR,SP,Araçariguama,-23.4688,-47.1102
LOPR00513,BR,PR,Arapongas,-23.4542,-51.4612
LOSC00517,BR,SC,Araranguá,-28.989218,-49.543784
LOSC00518,BR,SC,Araranguá,-28.989218,-49.543784
LOSC00519,BR,SC,Araranguá,-28.975791,-49.498983
LOSC00520,BR,SC,Araranguá,-28.989271,-49.543779
LOSC00521,BR,SC,Araranguá,-28.989307,-49.543768
LOSP00522,BR,SP,Araraquara,-21.85451,-48.18663
LOSP00523,BR,SP,Araraquara,-21.8435,-48.1955
LOSP00524,BR,SP,Araraquara,-21.86225,-48.18734
LOSP00525,BR,SP,Araraquara,-21.8392,-48.2062
LOSP00526,BR,SP,Araraquara,-21.813534,-48.211287
LOSP00527,BR,SP,Araraquara,-21.829056,-48.214039
LOSP00528,BR,SP,Araraquara,-21.837071,-48.203607
LOPR00534,BR,PR,Araucaria,-25.572968,-49.401618
LOPR00535,BR,PR,Araucaria,-25.598768,-49.425595
LOPR00536,BR,PR,Araucária,-25.6082,-49.4182
LOPR00537,BR,PR,Araucária,-25.5902,-49.4082
LOPR00538,BR,PR,Araucária,-25.5902,-49.4082
LOPR00540,BR,PR,Araucária,-25.553206,-49.37974
LOPR00541,BR,PR,Araucária,-25.6134,-49.4331
LOSP00548,BR,SP,Atibaia,-23.0879,-46.7127
LOSP00549,BR,SP,Atibaia,-23.08875,-46.71209
LOSP00550,BR,SP,Atibaia,-23.14516,-46.58411
LOSP00551,BR,SP,Atibaia,-23.14516,-46.58411
LORS00553,BR,RS,Bagé,-31.361519,-54.146932
LOSC00554,BR,SC,Balneário Camboriú,-27.008612,-48.673451
LORJ00566,BR,RJ,Barra Do Piraí,-22.51254,-44.05376
LOBA00570,BR,BA,Barreiras,-12.1562,-45.1252
LOSP00575,BR,SP,Batatais,-20.9412,-47.6272
LOSP00576,BR,SP,Batatais,-20.9382,-47.6282
LOSP00577,BR,SP,Batatais,-20.941602,-47.626913
LOGO00581,BR,GO,Bela Vista De Goiás,-17.0872,-48.9912
LORJ00593,BR,RJ,Belford Roxo,-22.7962,-43.4182
LOMG00595,BR,MG,Belo Horizonte,-19.9382,-43.9672
LOMG00596,BR,MG,Belo Horizonte,-19.962075,-43.933203
LOMG00597,BR,MG,Belo Horizonte,-19.958874,-43.988122
LOMG00598,BR,MG,Belo Horizonte,-19.958477,-43.966276
LOMG00599,BR,MG,Belo Horizonte,-19.970454,-43.959975
LOMG00600,BR,MG,Belo Horizonte,-19.957909,-43.961259
LOMG00601,BR,MG,Belo Horizonte,-20.020737,-44.041862
LOMG00620,BR,MG,Betim,-20.0032,-44.2342
LOMG00621,BR,MG,Betim,-19.983837,-44.22571
LOMG00622,BR,MG,Betim,-19.988615,-44.103514
LOMG00623,BR,MG,Betim,-19.985183,-44.108145
LOMG00624,BR,MG,Betim,-19.988484,-44.105552
LOSC00630,BR,SC,Blumenau,-26.961912,-49.091088
LOGO00635,BR,GO,Bom Jesus De Goiás,-18.235992,-49.804469
LOSC00644,BR,SC,Braço Do Norte,-28.306868,-49.202498
LODF00649,BR,DF,Brasilia,-15.80994,-47.96529
LODF00650,BR,DF,Brasilia,-16.08199,-48.07353
LODF00651,BR,DF,Brasilia,-16.05246,-48.02799
LODF00652,BR,DF,Brasilia,-16.04914,-48.09687
LODF00653,BR,DF,Brasilia,-15.85577,-47.95832
LODF00654,BR,DF,Brasília,-15.87068,-47.95131
LODF00655,BR,DF,Brasília,-15.785278,-47.959657
LODF00656,BR,DF,Brasília,-15.880865,-48.085043
LODF00657,BR,DF,Brasília,-15.984759,-48.040129
LODF00658,BR,DF,Brasília,-15.8132,-47.9642
LODF00659,BR,DF,Brasília,-15.9082,-48.0762
LODF00660,BR,DF,Brasília,-15.8132,-47.9642
LODF00661,BR,DF,Brasília,-15.87664,-47.920752
LODF00662,BR,DF,Brasília,-15.836432,-47.96996
LODF00663,BR,DF,Brasília,-15.887823,-48.07481
LODF00664,BR,DF,Brasília,-15.795483,-47.911886
LODF00665,BR,DF,Brasília,-15.861993,-47.965501
LODF00666,BR,DF,Brasília,-15.855954,-47.961918
LOMG00667,BR,MG,Brumadinho,-20.1462,-44.1642
LOSC00668,BR,SC,Brusque,-27.13096,-48.953848
LOSC00669,BR,SC,Brusque,-27.159787,-48.957249
LORS00684,BR,RS,Cachoeira Do Sul,-30.049158,-52.943769
LORS00685,BR,RS,Cachoeira Do Sul,-30.033781,-52.956615
LORS00686,BR,RS,Cachoeira Do Sul,-30.067012,-52.966039
LOES00697,BR,ES,Cachoeiro De Itapemirim,-20.875703,-41.193556
LOSP00699,BR,SP,Cajamar,-23.438266,-46.870353
LOBA00702,BR,BA,Camaçari,-12.7662,-38.3462
LOBA00703,BR,BA,Camaçari,-12.7682,-38.3462
LOPR00705,BR,PR,Cambé,-23.3092,-51.2822
LOPR00706,BR,PR,Cambé,-23.33402,-51.28961
LOSP00707,BR,SP,Campinas,-22.8892,-47.1622
LOSP00708,BR,SP,Campinas,-22.89631,-47.175504
LOSP00709,BR,SP,Campinas,-22.8852,-47.0602
LOSP00710,BR,SP,Campinas,-22.9052,-47.1728
LOSP00711,BR,SP,Campinas,-22.8712,-47.0702
LOSP00712,BR,SP,Campinas,-22.956059,-47.155219
LOSP00713,BR,SP,Campinas,-22.960551,-47.062384
LOSP00714,BR,SP,Campinas,-22.928111,-47.099455
LOSP00715,BR,SP,Campinas,-22.94977,-47.100164
LOSP00716,BR,SP,Campinas,-22.98973,-47.12692
LOSP00717,BR,SP,Campinas,-22.952049,-47.102973
LOSP00718,BR,SP,Campinas,-23.002678,-47.179844
LOSP00719,BR,SP,Campinas,-22.986398,-47.225364
LOSP00720,BR,SP,Campinas,-22.889252,-47.190049
LOSP00721,BR,SP,Campinas,-22.897937,-47.188105
LOSP00722,BR,SP,Campinas,-22.864422,-47.130024
LOSP00723,BR,SP,Campinas,-22.986398,-47.225364
LOMG00724,BR,MG,Campo Belo,-20.919046,-45.299158
LOMG00725,BR,MG,Campo Belo,-20.933762,-45.304968
LOPR00730,BR,PR,Campo Largo,-25.4756,-49.5547
LOPR00733,BR,PR,Campo Largo,-25.497091,-49.564186
LOPR00734,BR,PR,Campo Magro,-25.4102,-49.4392
LOPR00735,BR,PR,Campo Mourão,-24.062156,-52.435349
LOMG00738,BR,MG,Campos Gerais,-21.262436,-45.800764
LOSC00739,BR,SC,Campos Novos,-27.430268,-51.230503
LORS00741,BR,RS,Candelaria,-29.701501,-52.827516
LOSP00763,BR,SP,Capivari,-23.040769,-47.554816
LOPR00767,BR,PR,Cascavel,-25.02404,-53.5437
LOPR00768,BR,PR,Cascavel,-25.016,-53.53624
LOBA00788,BR,BA,Catu,-12.389321,-38.412173
LOBA00789,BR,BA,Catu,-12.394593,-38.416589
LOPR00889,BR,PR,Colombo,-25.397254,-49.2241
LOPR00891,BR,PR,Colorado,-22.875184,-51.997312
LOMG00894,BR,MG,Conceição Do Pará,-19.756259,-44.89775
LOMG00898,BR,MG,Conselheiro Lafaiete,-20.707138,-43.833989
LOMG00900,BR,MG,Contagem,-19.97507,-44.079073
LOMG00901,BR,MG,Contagem,-19.978536,-44.109816
LOMG00902,BR,MG,Contagem,-19.9908,-44.089522
LOMG00903,BR,MG,Contagem,-20.001617,-44.108381
LOMG00904,BR,MG,Contagem,-19.998332,-44.051183
LOMG00905,BR,MG,Contagem,-19.998841,-44.101576
LOMG00906,BR,MG,Contagem,-19.9551,-44.115
LOSP00908,BR,SP,Cordeirópolis,-22.519585,-47.499782
LOSC00910,BR,SC,Corupá,-26.4612,-49.2772
LOSP00911,BR,SP,Cotia,-23.63462,-46.91862
LOSP00914,BR,SP,Cravinhos,-21.3712,-47.7592
LOSP00915,BR,SP,Cravinhos,-21.32115,-47.78196
LOSP00916,BR,SP,Cravinhos,-21.3242,-47.7822
LOSP00917,BR,SP,Cravinhos,-21.3712,-47.7712
LOSP00918,BR,SP,Cravinhos,-21.3832,-47.7602
LOSP00919,BR,SP,Cravinhos,-21.371478,-47.759932
LOSC00920,BR,SC,Criciúma,-28.729496,-49.373679
LOSC00921,BR,SC,Criciúma,-28.709764,-49.398363
LOSC00922,BR,SC,Criciúma,-28.710764,-49.422422
LOSC00923,BR,SC,Criciúma,-28.727758,-49.431882
LOSC00924,BR,SC,Criciúma,-28.730228,-49.403725
LOSC00925,BR,SC,Criciúma,-28.71423,-49.454176
LOPR00935,BR,PR,Curitiba,-25.5622,-49.3512
LOPR00936,BR,PR,Curitiba,-25.5292,-49.3522
LOPR00937,BR,PR,Curitiba,-25.4812,-49.3112
LOPR00938,BR,PR,Curitiba,-25.5792,-49.3642
LOPR00939,BR,PR,Curitiba,-25.588246,-49.346135
LOPR00940,BR,PR,Curitiba,-25.544588,-49.3282
LOPR00941,BR,PR,Curitiba,-25.498299,-49.334858
LOPR00942,BR,PR,Curitiba,-25.474072,-49.307792
LOPR00943,BR,PR,Curitiba,-25.478253,-49.308617
LOPR00944,BR,PR,Curitiba,-25.470031,-49.315561
LOPR00945,BR,PR,Curitiba,-25.479734,-49.326075
LOPR00946,BR,PR,Curitiba,-25.489223,-49.274637
LOPR00947,BR,PR,Curitiba,-25.478431,-49.297007
LOPR00948,BR,PR,Curitiba,-25.545088,-49.363386
LOPR00949,BR,PR,Curitiba,-25.466668,-49.299673
LOPR00950,BR,PR,Curitiba,-25.450731,-49.31417
LOPR00951,BR,PR,Curitiba,-25.456203,-49.325747
LOPR00952,BR,PR,Curitiba,-25.469408,-49.327481
LOPR00953,BR,PR,Curitiba,-25.4769,-49.3331
LOPR00954,BR,PR,Curitiba,-25.470899,-49.280638
LOPR00955,BR,PR,Curitiba,-25.43946,-49.306017
LOPR00956,BR,PR,Curitiba,-25.533639,-49.25996
LOPR00957,BR,PR,Curitiba,-25.58238,-49.359866
LOPR00958,BR,PR,Curitiba,-25.528464,-49.352261
LOPR00959,BR,PR,Curitiba,-25.569404,-49.34404
LOPR00960,BR,PR,Curitiba,-25.563002,-49.349784
LOPR00961,BR,PR,Curitiba,-25.582426,-49.36586
LOSP00963,BR,SP,Descalvado,-21.95734,-47.65844
LOSP00966,BR,SP,Diadema,-23.7252,-46.6172
LOSP00967,BR,SP,Diadema,-23.70819,-46.62588
LOSP00968,BR,SP,Diadema,-23.7292,-46.6522
LOSP00969,BR,SP,Diadema,-23.742004,-46.644499
LOSP00970,BR,SP,Diadema,-23.735882,-46.65238
LOSP00971,BR,SP,Diadema,-23.727572,-46.623182
LOSP00972,BR,SP,Diadema,-23.742325,-46.636493
LOSP00973,BR,SP,Diadema,-23.717062,-46.663977
LOMG00974,BR,MG,Diamantina,-18.277853,-43.635244
LOMG00975,BR,MG,Diamantina,-18.274645,-43.633369
LOBA00976,BR,BA,Dias D'Ávila,-12.650542,-38.3506
LOSP00977,BR,SP,Dias D'Ávila,-23.514452,-47.036044
LOES00982,BR,ES,Domingos Martins,-20.4002,-40.6932
LORJ00987,BR,RJ,Duque De Caxias,-22.82229,-43.343658
LORJ00988,BR,RJ,Duque De Caxias,-22.827346,-43.354544
LOSP00990,BR,SP,Embu Das Artes,-23.6552,-46.8842
LOMG01005,BR,MG,Extrema,-22.87568,-46.36393
LOMG01006,BR,MG,Extrema,-22.882465,-46.355939
LOMG01007,BR,MG,Extrema,-22.89369,-46.361904
LOMG01008,BR,MG,Extrema,-22.909212,-46.384931
LORS01019,BR,RS,Faxinal Do Soturno,-29.608817,-53.479037
LOBA01020,BR,BA,Feira De Santana,-12.2906,-38.98722
LOBA01021,BR,BA,Feira De Santana,-12.285,-38.990511
LOSP01024,BR,SP,Ferraz De Vasconcelos,-23.5812,-46.4182
LOSC01034,BR,SC,Florianópolis,-27.62449,-48.58626
LOSC01035,BR,SC,Florianópolis,-27.650528,-48.624399
LOSC01036,BR,SC,Florianópolis,-27.617614,-48.575784
LOSC01037,BR,SC,Florianópolis,-27.624808,-48.622451
LOSP01042,BR,SP,Franca,-20.577076,-47.428374
LOSP01043,BR,SP,Franca,-20.576353,-47.45913
LOMG01047,BR,MG,Frutal,-20.04775,-48.95127
LOGO01069,BR,GO,Goiania,-16.7118,-49.31701
LOGO01070,BR,GO,Goiânia,-16.71847,-49.325146
LOGO01071,BR,GO,Goiânia,-16.7392,-49.3052
LOGO01072,BR,GO,Goiânia,-16.6982,-49.3132
LOGO01073,BR,GO,Goiânia,-16.7112,-49.3062
LOGO01074,BR,GO,Goiânia,-16.708229,-49.281063
LOGO01075,BR,GO,Goiânia,-16.757601,-49.336302
LOGO01076,BR,GO,Goiânia,-16.70681,-49.344631
LOGO01077,BR,GO,Goiânia,-16.725012,-49.289846
LOGO01078,BR,GO,Goiânia,-16.711398,-49.308572
LOGO01079,BR,GO,Goiânia,-16.702199,-49.293979
LOGO01080,BR,GO,Goiânia,-16.714212,-49.319881
LOGO01081,BR,GO,Goiânia,-16.666573,-49.23938
LOGO01082,BR,GO,Goiás,-15.968067,-50.176789
LOMG01084,BR,MG,Governador Valadares,-18.8882,-41.9862
LOSP01091,BR,SP,Guaíra,-20.307314,-48.220748
LOSP01094,BR,SP,Guará,-20.4832,-47.8722
LOSP01095,BR,SP,Guará,-20.4832,-47.8722
LOSP01096,BR,SP,Guará,-20.484733,-47.872097
LOPR01098,BR,PR,Guarapuava,-25.383758,-51.509501
LOSP01103,BR,SP,Guariba,-21.387285,-48.26646
LOSP01112,BR,SP,Guarulhos,-23.47468,-46.43035
LOSP01113,BR,SP,Guarulhos,-23.4752,-46.4702
LOSP01114,BR,SP,Guarulhos,-23.50164,-46.54287
LOSP01115,BR,SP,Guarulhos,-23.5032,-46.5212
LOSP01116,BR,SP,Guarulhos,-23.4936,-46.4296
LOSP01117,BR,SP,Guarulhos,-23.5262,-46.5862
LOSP01118,BR,SP,Guarulhos,-23.475535,-46.44493
LOSP01121,BR,SP,Guarulhos,-23.471176,-46.430584
LOSP01130,BR,SP,Hortolândia,-22.9302,-47.2342
LOSC01132,BR,SC,Içara,-28.7822,-49.3104
LOSC01133,BR,SC,Içara,-28.768955,-49.306101
LOSC01134,BR,SC,Içara,-28.747313,-49.353709
LOSP01151,BR,SP,Indaiatuba,-23.1692,-47.2572
LOSP01152,BR,SP,Indaiatuba,-23.17684,-47.29242
LOSP01153,BR,SP,Indaiatuba,-23.17468,-47.26171
LOSP01154,BR,SP,Indaiatuba,-23.1642,-47.2642
LOSP01155,BR,SP,Indaiatuba,-23.1597,-47.2547
LOSP01156,BR,SP,Indaiatuba,-23.127492,-47.247275
LOSP01157,BR,SP,Indaiatuba,-23.158807,-47.256506
LOSP01158,BR,SP,Indaiatuba,-23.159907,-47.254828
LOMG01166,BR,MG,Itabirito,-20.2762,-43.9032
LOMG01167,BR,MG,Itabirito,-20.2762,-43.9032
LOSC01170,BR,SC,Itaiópolis,-26.363174,-49.944271
LOSC01171,BR,SC,Itajaí,-26.943377,-48.697584
LOSP01173,BR,SP,Itapecerica Da Serra,-23.7252,-46.8512
LOSP01175,BR,SP,Itapetininga,-23.626342,-48.056014
LOSP01176,BR,SP,Itapetininga,-23.626448,-48.115562
LOSP01183,BR,SP,Itapira,-22.43239,-46.79293
LOSP01184,BR,SP,Itapira,-22.5062,-46.7492
LOSP01185,BR,SP,Itapira,-22.5062,-46.7492
LOSP01186,BR,SP,Itapira,-22.502501,-46.754444
LOSP01188,BR,SP,Itaquaquecetuba,-23.4922,-46.3592
LORJ01192,BR,RJ,Itatiaia,-22.5142,-44.5822
LORJ01193,BR,RJ,Itatiaia,-22.5142,-44.5822
LORJ01194,BR,RJ,Itatiaia,-22.9862,-43.6112
LORJ01195,BR,RJ,Itatiaia,-22.515364,-44.570585
LOSP01196,BR,SP,Itatiba,-23.093079,-46.878227
LOSP01198,BR,SP,Itatiba,-23.10155,-46.87753
LOSP01199,BR,SP,Itatiba,-23.0152,-46.8692
LOSP01200,BR,SP,Itatiba,-23.06869,-46.76483
LOSP01201,BR,SP,Itatiba,-23.010214,-46.863773
LOMG01202,BR,MG,Itaúna,-20.089299,-44.605641
LOMG01203,BR,MG,Itaúna,-20.100371,-44.601119
LOMG01204,BR,MG,Itaúna,-20.087374,-44.646463
LOMG01205,BR,MG,Itaúna,-20.087226,-44.606125
LOSP01206,BR,SP,Itu,-23.405633,-47.359887
LOSP01207,BR,SP,Itu,-23.30812,-47.31405
LOSP01208,BR,SP,Itu,-23.405432,-47.359731
LOSP01209,BR,SP,Itu,-23.3102,-47.3622
LOSP01210,BR,SP,Itu,-23.28802,-47.3809
LOSP01211,BR,SP,Itu,-23.3102,-47.3162
LOSP01212,BR,SP,Itu,-23.291311,-47.347972
LOSP01213,BR,SP,Itu,-23.310234,-47.363243
LOSP01214,BR,SP,Itu,-23.311214,-47.316202
LOGO01215,BR,GO,Itumbiara,-18.3882,-49.2552
LOSP01220,BR,SP,Ituverava,-20.3572,-47.8182
LOPR01221,BR,PR,Ivaiporã,-24.27836,-51.7087
LOPR01222,BR,PR,Ivaiporã,-24.26986,-51.70218
LOSP01226,BR,SP,Jaboticabal,-21.313495,-48.350751
LOSP01227,BR,SP,Jaboticabal,-21.2912,-48.3812
LOSP01228,BR,SP,Jaboticabal,-21.275517,-48.385095
LOSP01229,BR,SP,Jaboticabal,-21.280544,-48.352731
LOSP01230,BR,SP,Jaboticabal,-21.290547,-48.381163
LOBA01233,BR,BA,Jacobina,-11.115124,-40.761539
LOSP01234,BR,SP,Jaguariúna,-22.71763,-47.03997
LOSP01235,BR,SP,Jaguariúna,-22.7602,-47.0492
LOSP01236,BR,SP,Jaguariúna,-22.739354,-47.031145
LOSP01237,BR,SP,Jardinópolis,-21.0532,-47.7992
LOGO01241,BR,GO,Jataí,-17.9162,-51.7302
LOMG01245,BR,MG,João Monlevade,-19.858255,-43.196405
LOSC01247,BR,SC,Joinville,-26.2976,-48.9078
LOSC01248,BR,SC,Joinville,-26.2875,-48.9086
LOSC01249,BR,SC,Joinville,-26.2988,-48.903
LOSC01250,BR,SC,Joinville,-26.3092,-48.9022
LOSC01251,BR,SC,Joinville,-26.294859,-48.90855
LOSC01252,BR,SC,Joinville,-26.299016,-48.905602
LOSC01253,BR,SC,Joinville,-26.37365,-48.87695
LOSC01254,BR,SC,Joinville,-26.2602,-48.9382
LOSC01255,BR,SC,Joinville,-26.2932,-48.9032
LOSC01256,BR,SC,Joinville,-26.2932,-48.9032
LOSC01257,BR,SC,Joinville,-26.2922,-48.8842
LOSC01258,BR,SC,Joinville,-26.3402,-48.8732
LOSC01259,BR,SC,Joinville,-26.2992,-48.9072
LOSC01260,BR,SC,Joinville,-26.2752,-48.8702
LOSC01261,BR,SC,Joinville,-26.35088,-48.89974
LOSC01262,BR,SC,Joinville,-26.2992,-48.9052
LOSC01263,BR,SC,Joinville,-26.334274,-48.885834
LOSC01264,BR,SC,Joinville,-26.324038,-48.887605
LOSC01265,BR,SC,Joinville,-26.241271,-48.940815
LOSC01266,BR,SC,Joinville,-26.286596,-48.908001
LOSC01267,BR,SC,Joinville,-26.294999,-48.908553
LOSC01268,BR,SC,Joinville,-26.298309,-48.905661
LOSC01269,BR,SC,Joinville,-26.351419,-48.899734
LOSC01270,BR,SC,Joinville,-26.274331,-48.872061
LOSC01272,BR,SC,Joinville,-26.324629,-48.888029
LOSC01273,BR,SC,Joinville,-26.27965,-48.85352
LOMG01274,BR,MG,Juatuba,-19.9862,-44.3732
LOSP01284,BR,SP,Jundiaí,-23.225813,-47.017692
LOBA01307,BR,BA,Lauro De Freitas,-12.91837,-38.352913
LOBA01308,BR,BA,Lauro De Freitas,-12.8702,-38.3662
LOBA01309,BR,BA,Lauro De Freitas,-12.91723,-38.3497
LOSC01310,BR,SC,Lauro Muller,-28.413741,-49.477251
LOSP01314,BR,SP,Leme,-22.249551,-47.42864
LOSP01315,BR,SP,Leme,-22.249551,-47.42864
LOSP01316,BR,SP,Leme,-22.225128,-47.427391
LOSP01317,BR,SP,Leme,-22.218954,-47.416784
LOSP01318,BR,SP,Limeira,-22.59052,-47.41601
LOSP01319,BR,SP,Limeira,-22.6055,-47.4012
LOSP01320,BR,SP,Limeira,-22.59248,-47.40634
LOSP01322,BR,SP,Limeira,-22.5932,-47.4062
LOSP01323,BR,SP,Limeira,-22.59486,-47.425526
LOSP01324,BR,SP,Limeira,-22.583861,-47.412461
LOSP01325,BR,SP,Limeira,-22.6072,-47.4002
LOSP01326,BR,SP,Limeira,-22.7448,-47.3598
LOSP01327,BR,SP,Limeira,-22.582541,-47.378898
LOSP01328,BR,SP,Limeira,-22.5742,-47.4162
LOSP01329,BR,SP,Limeira,-22.5912,-47.4102
LOSP01330,BR,SP,Limeira,-22.6072,-47.4002
LOSP01331,BR,SP,Limeira,-22.715351,-47.336266
LOSP01332,BR,SP,Limeira,-22.5842,-47.4122
LOSP01333,BR,SP,Limeira,-22.6345,-47.3987
LOSP01335,BR,SP,Limeira,-22.593972,-47.442184
LOSP01336,BR,SP,Limeira,-22.587925,-47.413241
LOSP01337,BR,SP,Limeira,-22.605536,-47.399932
LOSP01338,BR,SP,Limeira,-22.616196,-47.401148
LOSP01339,BR,SP,Limeira,-22.605536,-47.399932
LOSP01340,BR,SP,Limeira,-22.634535,-47.398722
LOSP01341,BR,SP,Lindóia,-22.550753,-46.676315
LOES01342,BR,ES,Linhares,-19.543009,-40.173197
LOES01343,BR,ES,Linhares,-19.4121,-40.1082
LOPR01346,BR,PR,Londrina,-23.3162,-51.1452
LOPR01347,BR,PR,Londrina,-23.3262,-51.2522
LOPR01348,BR,PR,Londrina,-23.366073,-51.19118
LOPR01349,BR,PR,Londrina,-23.37634,-51.199467
LOPR01350,BR,PR,Londrina,-23.2944,-51.18961
LOPR01351,BR,PR,Londrina,-23.39845,-51.17959
LOPR01352,BR,PR,Londrina,-23.333703,-51.19812
LOPR01353,BR,PR,Londrina,-23.33163,-51.25816
LOPR01354,BR,PR,Londrina,-23.33163,-51.25816
LOGO01361,BR,GO,Luziânia,-16.602079,-48.200681
LOGO01362,BR,GO,Luziânia,-16.5972,-48.2012
LORJ01368,BR,RJ,Macaé,-22.3402,-41.9172
LOMG01370,BR,MG,Machado,-21.715147,-45.954897
LOSP01372,BR,SP,Mairinque,-23.5762,-47.2132
LOPR01383,BR,PR,Marialva,-23.4962,-51.8732
LOPR01384,BR,PR,Marialva,-23.495892,-51.873652
LOMG01385,BR,MG,Mariana,-20.3862,-43.4032
LOPR01392,BR,PR,Maringa,-23.487444,-51.959556
LOPR01396,BR,PR,Maringá,-23.4642,-52.0112
LOPR01397,BR,PR,Maringá,-23.509455,-51.963942
LOPR01398,BR,PR,Maringá,-23.455,-52.0226
LOPR01399,BR,PR,Maringá,-23.4955,-52.0332
LOPR01400,BR,PR,Maringá,-23.4672,-52.0132
LOPR01401,BR,PR,Maringá,-23.4672,-52.0132
LOPR01402,BR,PR,Maringá,-23.459507,-51.978751
LOPR01403,BR,PR,Maringá,-23.451149,-51.976799
LOPR01404,BR,PR,Maringá,-23.461037,-51.953646
LOPR01405,BR,PR,Maringá,-23.458654,-51.987341
LOPR01406,BR,PR,Maringá,-23.461335,-51.985152
LOPR01407,BR,PR,Maringá,-23.463492,-52.011488
LOPR01408,BR,PR,Maringá,-23.4955,-52.0332
LOPR01409,BR,PR,Maringá,-23.479202,-51.934684
LOBA01411,BR,BA,Mata De São João,-12.547861,-38.29095
LOSP01412,BR,SP,Matão,-21.630261,-48.418832
LOSP01415,BR,SP,Mauá,-23.68659,-46.51638
LORJ01417,BR,RJ,Mesquita,-22.820574,-43.445137
LORJ01418,BR,RJ,Miguel Pereira,-22.485715,-43.496197
LOSP01435,BR,SP,Monte Alto,-21.29704,-48.50095
LOSP01436,BR,SP,Monte Mor,-23.0019,-47.3529
LOSP01437,BR,SP,Monte Mor,-23.0002,-47.3522
LOSP01438,BR,SP,Monte Mor,-23.000149,-47.352671
LORS01439,BR,RS,Montenegro,-29.729477,-51.515299
LOMG01440,BR,MG,Montes Claros,-16.714969,-43.914215
LOSC01458,BR,SC,Navegantes,-26.923074,-48.690908
LORJ01477,BR,RJ,Nova Friburgo,-22.29363,-42.573916
LORJ01478,BR,RJ,Nova Friburgo,-22.317499,-42.565651
LORJ01479,BR,RJ,Nova Friburgo,-22.317499,-42.565651
LORJ01480,BR,RJ,Nova Iguaçu,-22.766181,-43.497199
LORJ01481,BR,RJ,Nova Iguaçu,-22.774235,-43.491814
LOMG01487,BR,MG,Nova Lima,-20.13153,-43.8611
LOMG01488,BR,MG,Nova Lima,-19.9962,-43.9402
LOMG01489,BR,MG,Nova Lima,-19.9962,-43.9402
LOMG01490,BR,MG,Nova Lima,-19.9962,-43.9402
LOMG01491,BR,MG,Nova Lima,-20.0032,-43.9522
LOMG01492,BR,MG,Nova Lima,-19.996321,-43.939889
LOSP01493,BR,SP,Nova Odessa,-22.8062,-47.3532
LOSP01494,BR,SP,Nova Odessa,-22.803901,-47.352111
LOMG01498,BR,MG,Nova Serrana,-19.9164,-45.0138
LOSC01499,BR,SC,Nova Veneza,-28.692516,-49.499349
LOSC01500,BR,SC,Nova Veneza,-28.692516,-49.499349
LORS01501,BR,RS,Novo Hamburgo,-29.696876,-51.173119
LORS01503,BR,RS,Novo Hamburgo,-29.7412,-51.1692
LORS01504,BR,RS,Novo Hamburgo,-29.7332,-51.1262
LORS01505,BR,RS,Novo Hamburgo,-29.7422,-51.1782
LORS01506,BR,RS,Novo Hamburgo,-29.72387,-51.142951
LORS01507,BR,RS,Novo Hamburgo,-29.710136,-51.167069
LORS01508,BR,RS,Novo Hamburgo,-29.724772,-51.168737
LORS01509,BR,RS,Novo Hamburgo,-29.747069,-51.177057
LORS01510,BR,RS,Novo Hamburgo,-29.739614,-51.168965
LORS01511,BR,RS,Novo Hamburgo,-29.733035,-51.128116
LORS01512,BR,RS,Novo Hamburgo,-29.723505,-51.141158
LOSP01518,BR,SP,Orlândia,-20.74703,-47.93127
LOSP01519,BR,SP,Orlândia,-20.7592,-47.9182
LOSP01522,BR,SP,Orlândia,-20.758941,-47.926053
LOPR01526,BR,PR,Ortigueira,-24.278157,-50.790008
LOPR01527,BR,PR,Ortigueira,-24.2792,-50.7872
LOSP01528,BR,SP,Osasco,-23.530981,-46.797461
LOSP01530,BR,SP,Osasco,-23.56769,-46.812078
LORS01531,BR,RS,Osório,-29.921261,-50.300328
LOMG01536,BR,MG,Ouro Fino,-22.32167,-46.384537
LOMG01537,BR,MG,Ouro Fino,-22.308858,-46.454874
LOMG01538,BR,MG,Ouro Preto,-20.454435,-43.918474
LOMG01539,BR,MG,Ouro Preto,-20.454864,-43.586479
LOMG01540,BR,MG,Ouro Preto,-20.454857,-43.586481
LOMG01552,BR,MG,Pará De Minas,-19.900357,-44.640556
LORJ01553,BR,RJ,Paracambi,-22.66045,-43.74523
LORJ01556,BR,RJ,Paraíba Do Sul,-22.181845,-43.321949
LOPR01558,BR,PR,Paranavaí,-23.1092,-52.5002
LOPR01559,BR,PR,Paranavaí,-23.10488,-52.493
LOPR01560,BR,PR,Paranavaí,-23.105,-52.493
LOMG01583,BR,MG,Passos,-20.764847,-46.639911
LOMG01584,BR,MG,Passos,-20.748707,-46.647808
LOMG01587,BR,MG,Patrocínio,-18.983878,-47.022288
LOSP01588,BR,SP,Paulínia,-22.7852,-47.1862
LOSP01589,BR,SP,Paulínia,-22.7852,-47.1862
LOSP01590,BR,SP,Paulínia,-22.7852,-47.1862
LOSP01591,BR,SP,Paulínia,-22.75094,-47.16992
LOSP01592,BR,SP,Paulínia,-22.79025,-47.180898
LOSP01593,BR,SP,Paulínia,-22.77061,-47.18126
LOSP01594,BR,SP,Paulínia,-22.7801,-47.1758
LOSP01595,BR,SP,Paulínia,-22.7637,-47.16204
LOSP01596,BR,SP,Paulínia,-22.7652,-47.1842
LOSP01597,BR,SP,Paulínia,-22.75644,-47.17285
LOSP01598,BR,SP,Paulínia,-22.7652,-47.1842
LOSP01599,BR,SP,Paulínia,-22.76953,-47.1671
LOSP01600,BR,SP,Paulínia,-22.7807,-47.1707
LOSP01601,BR,SP,Paulínia,-22.78619,-47.14473
LOSP01603,BR,SP,Paulínia,-22.802177,-47.180099
LOSP01604,BR,SP,Paulínia,-22.771017,-47.154697
LOMG01610,BR,MG,Pedro Leopoldo,-19.655192,-44.075723
LORS01618,BR,RS,Pelotas,-31.792668,-52.376023
LORS01619,BR,RS,Pelotas,-31.810266,-52.380397
LORJ01620,BR,RJ,Petrópolis,-22.485438,-43.175412
LORJ01621,BR,RJ,Petrópolis,-22.547448,-43.244739
LORJ01622,BR,RJ,Petrópolis,-22.553112,-43.224551
LOSP01629,BR,SP,Piracicaba,-22.756634,-47.630097
LOSP01630,BR,SP,Piracicaba,-22.756634,-47.630097
LOSP01631,BR,SP,Piracicaba,-22.708034,-47.7262
LOSP01632,BR,SP,Piracicaba,-22.74286,-47.68854
LOSP01633,BR,SP,Piracicaba,-22.7177,-47.6398
LOSP01634,BR,SP,Piracicaba,-22.7072,-47.6382
LOSP01635,BR,SP,Piracicaba,-22.710028,-47.644679
LOSP01636,BR,SP,Piracicaba,-22.756634,-47.630097
LOSP01637,BR,SP,Piracicaba,-22.706028,-47.656763
LOSP01638,BR,SP,Piracicaba,-22.7177,-47.6398
LOSP01639,BR,SP,Piracicaba,-22.706208,-47.647032
LOSP01640,BR,SP,Piracicaba,-22.829428,-47.660757
LOSP01641,BR,SP,Piracicaba,-22.796596,-47.64681
LOSP01642,BR,SP,Piracicaba,-22.76438,-47.63177
LOSP01643,BR,SP,Piracicaba,-22.709805,-47.644686
LOSP01644,BR,SP,Piracicaba,-22.7892,-47.6822
LOSP01645,BR,SP,Piracicaba,-22.795369,-47.618117
LOSP01646,BR,SP,Piracicaba,-22.664727,-47.637552
LOSP01647,BR,SP,Piracicaba,-22.770402,-47.623487
LOSP01648,BR,SP,Piracicaba,-22.707541,-47.662829
LOSP01649,BR,SP,Piracicaba,-22.760418,-47.635813
LOSP01650,BR,SP,Piracicaba,-22.799352,-47.679896
LOSP01651,BR,SP,Piracicaba,-22.789003,-47.682556
LOSP01652,BR,SP,Piracicaba,-22.756667,-47.630095
LOSP01653,BR,SP,Piracicaba,-22.706436,-47.65682
LOSP01654,BR,SP,Piracicaba,-22.70124,-47.63922
LOMG01658,BR,MG,Pitangui,-19.7262,-44.9312
LOSC01670,BR,SC,Pomerode,-26.773278,-49.208807
LOPR01674,BR,PR,Ponta Grossa,-25.0897,-50.2123
LOPR01676,BR,PR,Ponta Grossa,-25.0912,-50.2132
LOPR01677,BR,PR,Ponta Grossa,-25.2247,-50.1167
LOPR01678,BR,PR,Ponta Grossa,-25.2207,-50.1218
LOPR01683,BR,PR,Ponta Grossa,-25.124624,-50.196873
LORS01684,BR,RS,Portão,-29.727971,-51.235882
LORS01685,BR,RS,Portão,-29.725508,-51.279616
LORS01686,BR,RS,Portão,-29.730324,-51.23582
LORS01687,BR,RS,Porto Alegre,-30.0732,-51.2432
LORS01689,BR,RS,Porto Alegre,-30.082843,-51.247458
LORS01690,BR,RS,Porto Alegre,-30.133127,-51.286322
LORS01691,BR,RS,Porto Alegre,-30.145956,-51.14538
LORS01692,BR,RS,Porto Alegre,-30.078354,-51.188922
LORS01693,BR,RS,Porto Alegre,-30.073833,-51.241614
LORS01694,BR,RS,Porto Alegre,-30.064936,-51.255924
LORS01695,BR,RS,Porto Alegre,-30.027568,-51.166197
LORS01696,BR,RS,Porto Alegre,-30.06448,-51.25388
LOSC01697,BR,SC,Porto Belo,-27.2097,-48.645513
LOSP01699,BR,SP,Porto Feliz,-23.2582,-47.5562
LOMG01703,BR,MG,Pouso Alegre,-22.3072,-45.9582
LOMG01704,BR,MG,Pouso Alegre,-22.3002,-45.9632
LOMG01705,BR,MG,Pouso Alegre,-22.3002,-45.9632
LOMG01706,BR,MG,Pouso Alegre,-22.261427,-45.964878
LOMG01707,BR,MG,Pouso Alegre,-22.255044,-45.960361
LOMG01708,BR,MG,Pouso Alegre,-22.306897,-45.958345
LOPR01709,BR,PR,Prado Ferreira,-23.095512,-51.488629
LOSC01718,BR,SC,Rancho Queimado,-27.714156,-49.041518
LORJ01727,BR,RJ,Resende,-22.5042,-44.5072
LOSP01730,BR,SP,Ribeirão Pires,-23.776349,-46.479289
LOSP01731,BR,SP,Ribeirão Pires,-23.7382,-46.4242
LOSP01733,BR,SP,Ribeirão Pires,-23.737,-46.4237
LOSP01734,BR,SP,Ribeirão Preto,-21.200985,-47.83768
LOSP01735,BR,SP,Ribeirão Preto,-21.182109,-47.864039
LOSP01736,BR,SP,Ribeirão Preto,-21.210032,-47.8662
LOSP01737,BR,SP,Ribeirão Preto,-21.2142,-47.8742
LOSP01738,BR,SP,Ribeirão Preto,-21.135476,-47.823657
LOSP01739,BR,SP,Ribeirão Preto,-21.1802,-47.8142
LOSP01740,BR,SP,Ribeirão Preto,-21.14351,-47.81925
LOSP01741,BR,SP,Ribeirão Preto,-21.182109,-47.864039
LOSP01742,BR,SP,Ribeirão Preto,-21.1319,-47.8334
LOSP01743,BR,SP,Ribeirão Preto,-21.2432,-47.7772
LOSP01744,BR,SP,Ribeirão Preto,-21.236217,-47.815064
LOSP01745,BR,SP,Ribeirão Preto,-21.260837,-47.851466
LOSP01746,BR,SP,Ribeirão Preto,-21.19957,-47.889114
LOSP01747,BR,SP,Ribeirão Preto,-21.19957,-47.889114
LOSP01748,BR,SP,Ribeirão Preto,-21.19957,-47.889114
LOSP01749,BR,SP,Ribeirão Preto,-21.132067,-47.833384
LOSP01750,BR,SP,Ribeirão Preto,-21.249743,-47.793425
LOSP01751,BR,SP,Ribeirão Preto,-21.135697,-47.824881
LOSP01752,BR,SP,Ribeirão Preto,-21.190871,-47.8011
LOSP01757,BR,SP,Rio Claro,-22.4113,-47.5847
LOSP01758,BR,SP,Rio Claro,-22.4382,-47.6332
LOSP01759,BR,SP,Rio Claro,-22.3982,-47.5882
LOSP01760,BR,SP,Rio Claro,-22.450587,-47.591959
LOSP01765,BR,SP,Rio Das Pedras,-22.87835,-47.62945
LOSP01766,BR,SP,Rio Das Pedras,-22.87835,-47.62945
LOSP01767,BR,SP,Rio Das Pedras,-22.82527,-47.66493
LOSP01768,BR,SP,Rio Das Pedras,-22.8792,-47.6322
LOSP01769,BR,SP,Rio Das Pedras,-22.8792,-47.6322
LOSP01770,BR,SP,Rio Das Pedras,-22.88156,-47.6292
LOSP01771,BR,SP,Rio Das Pedras,-22.8792,-47.6322
LOSP01772,BR,SP,Rio Das Pedras,-22.878268,-47.632338
LOSP01773,BR,SP,Rio Das Pedras,-22.878268,-47.632338
LOSP01774,BR,SP,Rio Das Pedras,-22.878268,-47.632338
LOSP01775,BR,SP,Rio Das Pedras,-22.865323,-47.634953
LORJ01784,BR,RJ,Rio De Janeiro,-23.0122,-43.2672
LORJ01785,BR,RJ,Rio De Janeiro,-22.8592,-43.2032
LORJ01786,BR,RJ,Rio De Janeiro,-22.8622,-43.2042
LORJ01787,BR,RJ,Rio De Janeiro,-22.8402,-43.3702
LORJ01788,BR,RJ,Rio De Janeiro,-22.9892,-43.6102
LORJ01789,BR,RJ,Rio De Janeiro,-22.9892,-43.6102
LORJ01790,BR,RJ,Rio De Janeiro,-22.9022,-43.2502
LORJ01791,BR,RJ,Rio De Janeiro,-22.4682,-44.3812
LORJ01792,BR,RJ,Rio De Janeiro,-22.876326,-43.274272
LORJ01793,BR,RJ,Rio De Janeiro,-22.86087,-43.38303
LORJ01794,BR,RJ,Rio De Janeiro,-22.94347,-43.22492
LORJ01795,BR,RJ,Rio De Janeiro,-23.030078,-43.446368
LORJ01796,BR,RJ,Rio De Janeiro,-23.014668,-43.265437
LORJ01797,BR,RJ,Rio De Janeiro,-23.014668,-43.265437
LORJ01798,BR,RJ,Rio De Janeiro,-22.90076,-43.40922
LORJ01799,BR,RJ,Rio De Janeiro,-23.014668,-43.265437
LORJ01800,BR,RJ,Rio De Janeiro,-23.03014,-43.40001
LORJ01801,BR,RJ,Rio De Janeiro,-23.03014,-43.40001
LORJ01802,BR,RJ,Rio De Janeiro,-22.991827,-43.429368
LORJ01803,BR,RJ,Rio De Janeiro,-22.97635,-43.42939
LORJ01804,BR,RJ,Rio De Janeiro,-23.009188,-43.402195
LORJ01805,BR,RJ,Rio De Janeiro,-22.949039,-43.399516
LORJ01807,BR,RJ,Rio De Janeiro,-22.959139,-43.71414
LORJ01808,BR,RJ,Rio De Janeiro,-22.933483,-43.596224
LORJ01809,BR,RJ,Rio De Janeiro,-22.948197,-43.72304
LORJ01810,BR,RJ,Rio De Janeiro,-22.89992,-43.40626
LORJ01811,BR,RJ,Rio De Janeiro,-22.93228,-43.57168
LORJ01812,BR,RJ,Rio De Janeiro,-22.94309,-43.59762
LORJ01814,BR,RJ,Rio De Janeiro,-22.956075,-43.294417
LORJ01815,BR,RJ,Rio De Janeiro,-22.967118,-43.232769
LORJ01816,BR,RJ,Rio De Janeiro,-22.941581,-43.303471
LORJ01817,BR,RJ,Rio De Janeiro,-22.910148,-43.280624
LORJ01818,BR,RJ,Rio De Janeiro,-22.9492,-43.2722
LORJ01819,BR,RJ,Rio De Janeiro,-22.990913,-43.220349
LORJ01820,BR,RJ,Rio De Janeiro,-22.956043,-43.267922
LORJ01821,BR,RJ,Rio De Janeiro,-22.957825,-43.278688
LORJ01822,BR,RJ,Rio De Janeiro,-22.986093,-43.228996
LORJ01823,BR,RJ,Rio De Janeiro,-22.98835,-43.21224
LORJ01824,BR,RJ,Rio De Janeiro,-22.90721,-43.30801
LORJ01825,BR,RJ,Rio De Janeiro,-23.01287,-43.25844
LORJ01826,BR,RJ,Rio De Janeiro,-22.9467,-43.27844
LORJ01827,BR,RJ,Rio De Janeiro,-22.94875,-43.22265
LORJ01828,BR,RJ,Rio De Janeiro,-22.9492,-43.2482
LORJ01829,BR,RJ,Rio De Janeiro,-22.935187,-43.331681
LORJ01830,BR,RJ,Rio De Janeiro,-22.878788,-43.298162
LORJ01831,BR,RJ,Rio De Janeiro,-22.932504,-43.321395
LORJ01832,BR,RJ,Rio De Janeiro,-22.874147,-43.320179
LORJ01833,BR,RJ,Rio De Janeiro,-22.91086,-43.494526
LORJ01834,BR,RJ,Rio De Janeiro,-22.905561,-43.370029
LORJ01835,BR,RJ,Rio De Janeiro,-22.93617,-43.31352
LORJ01836,BR,RJ,Rio De Janeiro,-22.882178,-43.340622
LORJ01837,BR,RJ,Rio De Janeiro,-22.94521,-43.32596
LORJ01838,BR,RJ,Rio De Janeiro,-22.92707,-43.34482
LORJ01839,BR,RJ,Rio De Janeiro,-22.8652,-43.3632
LORJ01841,BR,RJ,Rio De Janeiro,-22.996854,-43.245729
LORJ01842,BR,RJ,Rio De Janeiro,-22.971895,-43.225673
LORJ01843,BR,RJ,Rio De Janeiro,-23.018675,-43.235603
LORJ01844,BR,RJ,Rio De Janeiro,-22.994891,-43.237736
LORJ01845,BR,RJ,Rio De Janeiro,-22.968099,-43.220379
LORJ01846,BR,RJ,Rio De Janeiro,-22.929221,-43.278907
LORJ01847,BR,RJ,Rio De Janeiro,-22.972957,-43.218373
LORJ01848,BR,RJ,Rio De Janeiro,-22.973839,-43.225485
LORJ01849,BR,RJ,Rio De Janeiro,-22.93027,-43.26097
LORJ01850,BR,RJ,Rio De Janeiro,-22.93532,-43.27568
LORJ01852,BR,RJ,Rio De Janeiro,-22.918777,-43.553448
LORJ01853,BR,RJ,Rio De Janeiro,-22.915846,-43.325224
LORJ01854,BR,RJ,Rio De Janeiro,-22.912443,-43.277175
LORJ01855,BR,RJ,Rio De Janeiro,-22.90206,-43.47688
LOSC01856,BR,SC,Rio Do Sul,-27.2181,-49.63
LOSC01857,BR,SC,Rio Do Sul,-27.254198,-49.679069
LOSC01858,BR,SC,Rio Do Sul,-27.216228,-49.632364
LORS01859,BR,RS,Rio Grande,-32.0802,-52.1142
LORS01860,BR,RS,Rio Grande,-32.074712,-52.136645
LORS01861,BR,RS,Rio Grande,-32.064686,-52.138062
LOMG01862,BR,MG,Rio Piracicaba,-19.9812,-43.2192
LOGO01863,BR,GO,Rio Verde,-17.8452,-51.0422
LOGO01864,BR,GO,Rio Verde,-17.8452,-51.0422
LOGO01865,BR,GO,Rio Verde,-17.82885,-50.978258
LOGO01866,BR,GO,Rio Verde,-17.83197,-50.96382
LORS01868,BR,RS,Rosário Do Sul,-30.287287,-54.951819
LOSP01870,BR,SP,Saltinho,-22.845763,-47.710352
LOSP01871,BR,SP,Salto,-23.2632,-47.3372
LOBA01872,BR,BA,Salvador,-12.916452,-38.478106
LOBA01874,BR,BA,Salvador,-12.99248,-38.52877
LOBA01875,BR,BA,Salvador,-13.008818,-38.537686
LOBA01876,BR,BA,Salvador,-13.041232,-38.535357
LOBA01877,BR,BA,Salvador,-13.0412,-38.536211
LOBA01878,BR,BA,Salvador,-13.04252,-38.56798
LOBA01879,BR,BA,Salvador,-12.990638,-38.485795
LOBA01880,BR,BA,Salvador,-13.021931,-38.515344
LOBA01881,BR,BA,Salvador,-12.99527,-38.51954
LOBA01882,BR,BA,Salvador,-12.899801,-38.472447
LOBA01883,BR,BA,Salvador,-12.963273,-38.465244
LOBA01884,BR,BA,Salvador,-13.033,-38.54818
LOMG01885,BR,MG,Santa Bárbara,-20.0711,-43.5221
LORS01896,BR,RS,Santa Cruz Do Sul,-29.773859,-52.462413
LORS01897,BR,RS,Santa Cruz Do Sul,-29.755733,-52.462348
LOGO01900,BR,GO,Santa Helena De Goias,-17.82912,-50.96273
LOMG01902,BR,MG,Santa Luzia,-19.821673,-43.89334
LOMG01903,BR,MG,Santa Luzia,-19.8425,-43.9201
LOMG01904,BR,MG,Santa Luzia,-19.8682,-43.8822
LOMG01905,BR,MG,Santa Luzia,-19.819912,-43.967952
LOMG01906,BR,MG,Santa Luzia,-19.811962,-43.892586
LOMG01907,BR,MG,Santa Luzia,-19.835387,-43.916325
LORS01912,BR,RS,Santa Maria,-29.727559,-53.842392
LORS01913,BR,RS,Santa Maria,-29.727559,-53.842392
LORS01914,BR,RS,Santa Maria,-29.707705,-53.843247
LORS01915,BR,RS,Santa Maria,-29.746884,-53.75151
LORS01916,BR,RS,Santa Maria,-29.740486,-53.898706
LORS01917,BR,RS,Santa Maria,-29.722372,-53.827633
LORS01918,BR,RS,Santa Maria,-29.73092,-53.826567
LORS01919,BR,RS,Santa Maria,-29.740269,-53.74435
LORS01920,BR,RS,Santa Maria,-29.726,-53.8363
LORS01921,BR,RS,Santa Maria,-29.72793,-53.87831
LOMG01923,BR,MG,Santa Maria De Itabira,-19.69029,-43.29167
LOMG01924,BR,MG,Santa Maria De Itabira,-19.4822,-43.1522
LOMG01925,BR,MG,Santa Maria De Itabira,-19.4822,-43.1522
LORS01937,BR,RS,Santiago,-29.232805,-54.9014
LOSP01938,BR,SP,Santo Andre,-22.799784,-47.134601
LOSP01939,BR,SP,Santo Andre,-22.79509,-47.14306
LOSP01940,BR,SP,Santo Andre,-22.798896,-47.136329
LOSP01941,BR,SP,Santo Andre,-22.799812,-47.13458
LOSP01942,BR,SP,Santo Andre,-23.7062,-46.5692
LOSP01944,BR,SP,Santo André,-23.73343,-46.54358
LOSP01945,BR,SP,Santo André,-23.6982,-46.5382
LOSP01946,BR,SP,Santo André,-23.7032,-46.5402
LOSP01947,BR,SP,Santo André,-23.70199,-46.53001
LOSP01948,BR,SP,Santo André,-23.695572,-46.567337
LOSP01949,BR,SP,Santo André,-23.708435,-46.549507
LOSP01950,BR,SP,Santo André,-23.706853,-46.569554
LOSP01951,BR,SP,Santo André,-23.702722,-46.555332
LOSP01952,BR,SP,Santo André,-23.703558,-46.561714
LOSP01953,BR,SP,Santo André,-23.734722,-46.543848
LOSP01954,BR,SP,Santo André,-23.70199,-46.53001
LOSP01955,BR,SP,Santo André,-23.698236,-46.528019
LORS01958,BR,RS,Santo Antônio Da Patrulha,-29.850623,-50.551138
LOPR01960,BR,PR,Santo Antônio Da Platina,-23.334825,-50.116912
LOMG01970,BR,MG,Santos Dumont,-21.4922,-43.5872
LOSC01972,BR,SC,São Bento Do Sul,-26.257299,-49.421257
LOSP01974,BR,SP,São Bernardo Do Campo,-23.6906,-46.6348
LOSP01978,BR,SP,São Bernardo Do Campo,-23.6982,-46.6212
LOSP01979,BR,SP,São Bernardo Do Campo,-23.6982,-46.6212
LOSP01980,BR,SP,São Bernardo Do Campo,-23.776497,-46.593455
LOSP01981,BR,SP,São Bernardo Do Campo,-23.6982,-46.6212
LOSP01982,BR,SP,São Bernardo Do Campo,-23.6982,-46.6212
LOSP01983,BR,SP,São Bernardo Do Campo,-23.6982,-46.6212
LOSP01984,BR,SP,São Bernardo Do Campo,-23.6982,-46.6212
LOSP01985,BR,SP,São Bernardo Do Campo,-23.6982,-46.6212
LOSP01986,BR,SP,São Bernardo Do Campo,-23.7042,-46.5892
LOSP01987,BR,SP,São Bernardo Do Campo,-23.7042,-46.5892
LOSP01988,BR,SP,São Bernardo Do Campo,-23.7042,-46.5892
LOSP01989,BR,SP,São Bernardo Do Campo,-23.7002,-46.6042
LOSP01990,BR,SP,São Bernardo Do Campo,-23.7002,-46.6042
LOSP01992,BR,SP,São Bernardo Do Campo,-23.75101,-46.59097
LOSP01993,BR,SP,São Bernardo Do Campo,-23.768273,-46.613701
LOSP01994,BR,SP,São Bernardo Do Campo,-23.75058,-46.5893
LOSP01995,BR,SP,São Bernardo Do Campo,-23.727671,-46.590296
LOSP01996,BR,SP,São Bernardo Do Campo,-23.74939,-46.57966
LOSP01997,BR,SP,São Bernardo Do Campo,-23.68974,-46.60833
LOSP01998,BR,SP,São Bernardo Do Campo,-23.73297,-46.58266
LOSP01999,BR,SP,São Bernardo Do Campo,-23.695227,-46.613901
LOSP02000,BR,SP,São Bernardo Do Campo,-23.695227,-46.613901
LOSP02001,BR,SP,São Bernardo Do Campo,-23.698669,-46.604481
LOSP02002,BR,SP,São Bernardo Do Campo,-23.707719,-46.589669
LOSP02003,BR,SP,São Bernardo Do Campo,-23.782138,-46.589593
LOSP02006,BR,SP,São Caetano Do Sul,-23.65239,-46.607642
LOSP02007,BR,SP,São Carlos,-22.0767,-47.9099
LOSP02008,BR,SP,São Carlos,-22.10939,-47.91317
LOSP02009,BR,SP,São Carlos,-22.0332,-47.9492
LOSP02010,BR,SP,São Carlos,-22.046129,-47.925221
LOSP02011,BR,SP,São Carlos,-22.077678,-47.90901
LOSP02012,BR,SP,São Carlos,-22.036706,-47.952438
LOBA02014,BR,BA,Sao Francisco Do Conde,-12.730645,-38.614983
LORS02015,BR,RS,São Gabriel,-30.369014,-54.356349
LOMG02026,BR,MG,São Gonçalo Do Rio Abaixo,-19.906715,-43.428089
LOMG02027,BR,MG,São Gonçalo Do Rio Abaixo,-19.8692,-43.3962
LOMG02028,BR,MG,Sao Goncalo Do Sapucai,-21.927834,-45.633518
LOMG02029,BR,MG,São Gonçalo Do Sapucaí,-21.937935,-45.643694
LOMG02030,BR,MG,São Gonçalo Do Sapucaí,-21.9272,-45.6332
LORS02031,BR,RS,São Jerônimo,-29.994611,-51.751699
LORJ02032,BR,RJ,São João Da Barra,-21.6772,-41.0852
LOSP02034,BR,SP,São João Da Boa Vista,-22.017081,-46.830486
LOSP02035,BR,SP,São João Da Boa Vista,-22.03704,-46.839067
LOSP02036,BR,SP,São João Da Boa Vista,-22.036806,-46.838906
LOMG02037,BR,MG,São João Del Rei,-21.20507,-44.3202
LOMG02040,BR,MG,Sao Joaquim De Bicas,-20.0927,-44.3145
LOMG02041,BR,MG,São Joaquim De Bicas,-20.0956,-44.3192
LOMG02042,BR,MG,São Joaquim De Bicas,-20.095565,-44.316635
LOMG02043,BR,MG,São Joaquim De Bicas,-20.090092,-44.311213
LOMG02044,BR,MG,São Joaquim De Bicas,-20.095565,-44.316635
LOSC02047,BR,SC,São José,-27.6592,-48.6822
LOSC02048,BR,SC,São José,-27.6522,-48.6632
LOSC02049,BR,SC,São José,-27.622268,-48.646833
LOSC02050,BR,SC,São José,-27.599551,-48.653321
LOSC02051,BR,SC,São José,-27.627659,-48.654097
LOSC02052,BR,SC,São José,-27.658957,-48.682015
LOSC02053,BR,SC,São José,-27.6581,-48.679625
LORS02055,BR,RS,São José Do Norte,-32.044927,-52.076229
LOPR02076,BR,PR,São José Dos Pinhais,-25.5571,-49.1513
LOPR02077,BR,PR,São José Dos Pinhais,-25.557,-49.1517
LOPR02080,BR,PR,São José Dos Pinhais,-25.5532,-49.1502
LOPR02081,BR,PR,São José Dos Pinhais,-25.5962,-49.1902
LOPR02083,BR,PR,São José Dos Pinhais,-25.597276,-49.18259
LORS02084,BR,RS,São Leopoldo,-29.8152,-51.1632
LORS02085,BR,RS,São Leopoldo,-29.8112,-51.2022
LORS02086,BR,RS,São Leopoldo,-29.8112,-51.1842
LORS02087,BR,RS,São Leopoldo,-29.750092,-51.214679
LORS02088,BR,RS,São Leopoldo,-29.809624,-51.204055
LORS02089,BR,RS,São Leopoldo,-29.76742,-51.19393
LOSP02106,BR,SP,Sao Paulo,-23.5378,-46.6467
LOSP02108,BR,SP,Sao Paulo,-23.69516,-46.75528
LOSP02109,BR,SP,Sao Paulo,-23.510994,-46.733177
LOSP02110,BR,SP,Sao Paulo,-23.7167,-46.7126
LOSP02111,BR,SP,Sao Paulo,-23.56871,-46.59989
LOSP02112,BR,SP,São Paulo,-23.495557,-46.609057
LOSP02113,BR,SP,São Paulo,-23.5882,-46.6302
LOSP02114,BR,SP,São Paulo,-23.8082,-46.7552
LOSP02115,BR,SP,São Paulo,-23.627177,-46.630902
LOSP02116,BR,SP,São Paulo,-23.5902,-46.7052
LOSP02117,BR,SP,São Paulo,-23.594285,-46.689896
LOSP02118,BR,SP,São Paulo,-23.589549,-46.707342
LOSP02119,BR,SP,São Paulo,-23.6492,-46.6852
LOSP02120,BR,SP,São Paulo,-23.6032,-46.6342
LOSP02121,BR,SP,São Paulo,-23.5718,-46.63209
LOSP02122,BR,SP,São Paulo,-23.57132,-46.63239
LOSP02123,BR,SP,São Paulo,-23.5952,-46.4952
LOSP02124,BR,SP,São Paulo,-23.6422,-46.5722
LOSP02125,BR,SP,São Paulo,-23.63026,-46.4874
LOSP02126,BR,SP,São Paulo,-23.5832,-46.6472
LOSP02127,BR,SP,São Paulo,-23.5432,-46.7132
LOSP02128,BR,SP,São Paulo,-23.809,-46.75414
LOSP02129,BR,SP,São Paulo,-23.616642,-46.675386
LOSP02130,BR,SP,São Paulo,-23.6487,-46.655616
LOSP02131,BR,SP,São Paulo,-23.605691,-46.686546
LOSP02132,BR,SP,São Paulo,-23.602226,-46.651623
LOSP02133,BR,SP,São Paulo,-23.61945,-46.646802
LOSP02134,BR,SP,São Paulo,-23.580079,-46.626071
LOSP02135,BR,SP,São Paulo,-23.595271,-46.682363
LOSP02136,BR,SP,São Paulo,-23.577674,-46.700076
LOSP02137,BR,SP,São Paulo,-23.600018,-46.67277
LOSP02138,BR,SP,São Paulo,-23.614787,-46.679724
LOSP02139,BR,SP,São Paulo,-23.609457,-46.673974
LOSP02140,BR,SP,São Paulo,-23.659038,-46.681609
LOSP02141,BR,SP,São Paulo,-23.633265,-46.677705
LOSP02142,BR,SP,São Paulo,-23.631534,-46.64411
LOSP02143,BR,SP,São Paulo,-23.592462,-46.688911
LOSP02144,BR,SP,São Paulo,-23.591404,-46.674487
LOSP02145,BR,SP,São Paulo,-23.584984,-46.694562
LOSP02146,BR,SP,São Paulo,-23.60171,-46.674636
LOSP02147,BR,SP,São Paulo,-23.625251,-46.708782
LOSP02148,BR,SP,São Paulo,-23.573293,-46.438573
LOSP02149,BR,SP,São Paulo,-23.579234,-46.620801
LOSP02150,BR,SP,São Paulo,-22.75315,-45.60078
LOSP02151,BR,SP,São Paulo,-23.599444,-46.594357
LOSP02152,BR,SP,São Paulo,-23.504395,-46.653741
LOSP02153,BR,SP,São Paulo,-23.5444,-46.654397
LOSP02154,BR,SP,São Paulo,-23.557461,-46.598418
LOSP02155,BR,SP,São Paulo,-23.546905,-46.619055
LOSP02156,BR,SP,São Paulo,-23.52527,-46.723999
LOSP02157,BR,SP,São Paulo,-23.640863,-46.710952
LOSP02158,BR,SP,São Paulo,-23.572388,-46.75773
LOSP02159,BR,SP,São Paulo,-23.43523,-46.77982
LOSP02160,BR,SP,São Paulo,-23.543632,-46.786258
LOSP02161,BR,SP,São Paulo,-23.613113,-46.743069
LOSP02162,BR,SP,São Paulo,-23.600038,-46.776434
LOSP02163,BR,SP,São Paulo,-23.51733,-46.7591
LOSP02164,BR,SP,São Paulo,-23.572388,-46.75773
LOSP02165,BR,SP,São Paulo,-23.620169,-46.710209
LOSP02166,BR,SP,São Paulo,-23.685737,-46.744854
LOSP02167,BR,SP,São Paulo,-23.716344,-46.711613
LOSP02168,BR,SP,São Paulo,-23.695283,-46.807991
LOSP02169,BR,SP,São Paulo,-23.667683,-46.742601
LOSP02170,BR,SP,São Paulo,-23.858826,-46.761897
LOSP02171,BR,SP,São Paulo,-23.764273,-46.726096
LOSP02172,BR,SP,São Paulo,-23.784081,-46.72578
LOSP02173,BR,SP,São Paulo,-23.636685,-46.696167
LOSP02174,BR,SP,São Paulo,-23.806585,-46.758725
LOSP02175,BR,SP,São Paulo,-23.367953,-46.76282
LOSP02176,BR,SP,São Paulo,-23.608374,-46.632328
LOSP02177,BR,SP,São Paulo,-23.524198,-46.533594
LOSP02178,BR,SP,São Paulo,-23.597793,-46.465479
LOSP02179,BR,SP,São Paulo,-23.610935,-46.540204
LOSP02180,BR,SP,São Paulo,-23.601168,-46.612938
LOSP02181,BR,SP,São Paulo,-23.495419,-46.775648
LOSP02182,BR,SP,São Paulo,-23.542635,-46.647335
LOSP02183,BR,SP,São Paulo,-23.705968,-46.678196
LOSP02184,BR,SP,São Paulo,-23.706893,-46.733679
LOSP02188,BR,SP,São Paulo,-23.50778,-46.65123
LOSP02189,BR,SP,São Paulo,-23.569454,-46.690668
LOSP02190,BR,SP,São Paulo,-23.6179,-46.70265
LOSP02191,BR,SP,São Roque,-23.564781,-47.177364
LOSP02192,BR,SP,São Roque,-23.572948,-47.173873
LOSP02193,BR,SP,São Roque,-23.465869,-47.179409
LORS02194,BR,RS,São Sebastião Do Caí,-29.6282,-51.4102
LORS02195,BR,RS,São Sebastião Do Caí,-29.62406,-51.404578
LOMG02196,BR,MG,São Sebastião Do Paraíso,-20.961145,-47.018454
LORS02199,BR,RS,Sapiranga,-29.675911,-51.042171
LORS02200,BR,RS,Sapucaia Do Sul,-29.891291,-51.155525
LORS02201,BR,RS,Sapucaia Do Sul,-29.829863,-51.200397
LOPR02206,BR,PR,Sarandi,-23.472573,-51.911297
LOPR02208,BR,PR,Sarandi,-23.488972,-51.89436
LOMG02209,BR,MG,Sarzedo,-20.060598,-44.181316
LOGO02210,BR,GO,Senador Canedo,-16.737989,-49.147227
LOGO02211,BR,GO,Senador Canedo,-16.7392,-49.1432
LOGO02212,BR,GO,Senador Canedo,-16.7622,-49.1792
LOES02213,BR,ES,Serra,-20.205604,-40.237244
LOES02216,BR,ES,Serra,-20.27165,-40.314469
LOES02217,BR,ES,Serra,-20.271658,-40.314485
LOES02218,BR,ES,Serra,-20.235459,-40.262627
LOES02219,BR,ES,Serra,-20.241046,-40.304242
LOES02220,BR,ES,Serra,-20.2259,-40.28161
LOSP02221,BR,SP,Serrana,-21.247921,-47.635699
LOSP02229,BR,SP,Sertãozinho,-21.1852,-48.0292
LOSP02230,BR,SP,Sertãozinho,-21.192565,-48.026661
LOSP02231,BR,SP,Sertãozinho,-21.182601,-48.049281
LOSP02232,BR,SP,Sertãozinho,-21.202734,-48.038626
LOSP02233,BR,SP,Sertãozinho,-21.170768,-48.050638
LOSP02234,BR,SP,Sertãozinho,-21.1842,-48.0362
LOSP02235,BR,SP,Sertãozinho,-21.1752,-48.0402
LOSP02236,BR,SP,Sertãozinho,-21.1772,-48.0312
LOSP02237,BR,SP,Sertãozinho,-21.1698,-48.0543
LOSP02238,BR,SP,Sertãozinho,-21.183744,-48.036429
LOSP02239,BR,SP,Sertãozinho,-21.198957,-48.01178
LOSP02240,BR,SP,Sertãozinho,-21.198277,-48.009816
LOSP02241,BR,SP,Sertãozinho,-21.170808,-48.052895
LOSP02242,BR,SP,Sertãozinho,-21.182732,-48.049257
LOSP02243,BR,SP,Sertãozinho,-21.184566,-48.048237
LOSP02244,BR,SP,Sertãozinho,-21.184831,-48.031175
LOSP02245,BR,SP,Sertãozinho,-21.19902,-48.016132
LOSP02246,BR,SP,Sertãozinho,-21.187406,-48.031735
LOSP02247,BR,SP,Sertãozinho,-21.185526,-48.029013
LOSP02248,BR,SP,Sertãozinho,-21.192565,-48.026661
LOSP02249,BR,SP,Sertãozinho,-21.202829,-48.039984
LOSP02250,BR,SP,Sertãozinho,-21.181643,-48.050445
LOSP02251,BR,SP,Sertãozinho,-21.17088,-48.05064
LOSP02252,BR,SP,Sertãozinho,-21.169902,-48.054251
LOSP02253,BR,SP,Sertãozinho,-21.17197,-48.050087
LOMG02254,BR,MG,Sete Lagoas,-19.500236,-44.275055
LOMG02255,BR,MG,Sete Lagoas,-19.558642,-44.301251
LOBA02256,BR,BA,Simões Filho,-12.82104,-38.43145
LOBA02257,BR,BA,Simões Filho,-12.804387,-38.481008
LOBA02258,BR,BA,Simões Filho,-12.83012,-38.43007
LOPR02259,BR,PR,Siqueira Campos,-23.7063,-49.8719
LOPR02261,BR,PR,Siqueira Campos,-23.7162,-49.8812
LOPR02262,BR,PR,Siqueira Campos,-23.706689,-49.872359
LOSP02263,BR,SP,Sorocaba,-23.476352,-47.460837
LOSP02264,BR,SP,Sorocaba,-23.4742,-47.4582
LOSP02269,BR,SP,Sorocaba,-23.4932,-47.4412
LOSP02270,BR,SP,Sorocaba,-23.5352,-47.4952
LOSP02271,BR,SP,Sorocaba,-23.46238,-47.40441
LOSP02272,BR,SP,Sorocaba,-23.55304,-47.623063
LOSP02273,BR,SP,Sorocaba,-23.4722,-47.3922
LOSP02275,BR,SP,Sorocaba,-23.549075,-47.499576
LOSP02276,BR,SP,Sorocaba,-23.528933,-47.508184
LOSP02277,BR,SP,Sorocaba,-23.550682,-47.495018
LOSP02278,BR,SP,Sorocaba,-23.550664,-47.495372
LOSP02279,BR,SP,Sorocaba,-23.567894,-47.53083
LOSP02280,BR,SP,Sorocaba,-23.562019,-47.553367
LOSP02281,BR,SP,Sorocaba,-23.548337,-47.465131
LOSP02282,BR,SP,Sorocaba,-23.544818,-47.49139
LOSP02283,BR,SP,Sorocaba,-23.534446,-47.479723
LOSP02284,BR,SP,Sorocaba,-23.537087,-47.489061
LOSP02285,BR,SP,Sorocaba,-23.512946,-47.464751
LOSP02286,BR,SP,Sorocaba,-23.537354,-47.439269
LOSP02287,BR,SP,Sorocaba,-23.4772,-47.4572
LOSP02288,BR,SP,Sorocaba,-23.4539,-47.4784
LOSP02289,BR,SP,Sorocaba,-23.471522,-47.390756
LOSP02292,BR,SP,Sorocaba,-23.534468,-47.477544
LOSP02293,BR,SP,Sumaré,-22.85032,-47.27634
LOSP02294,BR,SP,Sumaré,-22.854046,-47.305267
LOSP02295,BR,SP,Sumaré,-22.85933,-47.234454
LOSP02296,BR,SP,Sumaré,-22.859857,-47.225397
LOSP02298,BR,SP,Suzano,-23.576351,-46.307645
LOSP02299,BR,SP,Suzano,-23.602557,-46.338596
LOSP02300,BR,SP,Suzano,-23.6202,-46.3412
LOSP02301,BR,SP,Suzano,-23.61706,-46.34674
LOPR02310,BR,PR,Tamarana,-23.751627,-51.147367
LORS02313,BR,RS,Taquara,-29.679797,-50.813554
LORS02314,BR,RS,Taquari,-29.838186,-51.901831
LOSP02318,BR,SP,Tatuí,-23.3678,-47.885513
LOSP02319,BR,SP,Tatuí,-23.393095,-47.912774
LOSP02320,BR,SP,Tatuí,-23.3952,-47.8852
LOBA02336,BR,BA,Teixeira De Freitas,-17.572854,-39.768364
LOPR02337,BR,PR,Telemaco Borba,-24.36948,-50.6749
LOPR02339,BR,PR,Telêmaco Borba,-24.369136,-50.672562
LOPR02340,BR,PR,Telêmaco Borba,-24.345248,-50.643104
LOPR02341,BR,PR,Telêmaco Borba,-24.345248,-50.643104
LOMG02350,BR,MG,Três Corações,-21.7322,-45.2882
LOMG02351,BR,MG,Três Corações,-21.73109,-45.291254
LOMG02352,BR,MG,Três Corações,-21.732444,-45.287332
LOMG02353,BR,MG,Três Corações,-21.703808,-45.355823
LORS02354,BR,RS,Três Coroas,-29.553147,-50.813641
LORJ02360,BR,RJ,Três Rios,-22.157868,-43.256414
LOGO02364,BR,GO,Trindade,-16.67099,-49.449093
LOSC02365,BR,SC,Tubarão,-28.508842,-49.024139
LOSC02366,BR,SC,Tubarão,-28.515854,-49.038645
LOMG02376,BR,MG,Uberlândia,-18.911502,-48.295521
LOMG02377,BR,MG,Uberlândia,-18.9332,-48.2762
LOMG02378,BR,MG,Uberlândia,-18.9192,-48.3472
LOMG02379,BR,MG,Uberlândia,-18.8857,-48.3264
LOMG02380,BR,MG,Uberlândia,-18.9122,-48.2952
LOMG02381,BR,MG,Uberlândia,-18.9332,-48.2772
LOMG02382,BR,MG,Uberlândia,-18.9542,-48.3132
LOMG02383,BR,MG,Uberlândia,-18.8968,-48.3134
LOMG02384,BR,MG,Uberlândia,-18.9641,-48.3009
LOMG02385,BR,MG,Uberlândia,-18.986407,-48.283132
LOBA02390,BR,BA,Valença,-13.406267,-39.109625
LOSP02391,BR,SP,Valinhos,-23.0482,-47.0562
LOSP02392,BR,SP,Valinhos,-23.0023,-47.0323
LOSP02393,BR,SP,Valinhos,-23.0282,-47.0762
LOMG02394,BR,MG,Varginha,-21.6662,-45.4502
LOMG02395,BR,MG,Varginha,-21.591065,-45.475629
LOMG02396,BR,MG,Varginha,-21.596072,-45.495764
LORJ02397,BR,RJ,Vassouras,-22.4402,-43.6972
LORJ02398,BR,RJ,Vassouras,-22.433132,-43.688499
LORJ02399,BR,RJ,Vassouras,-22.43664,-43.69572
LORS02401,BR,RS,Venâncio Aires,-29.647983,-52.215733
LORS02402,BR,RS,Vera Cruz,-29.752,-52.535588
LORS02406,BR,RS,Viamao,-30.117726,-51.088242
LOES02408,BR,ES,Vila Velha,-20.3662,-40.3272
LOES02410,BR,ES,Vila Velha,-20.379462,-40.33193
LOES02411,BR,ES,Vila Velha,-20.381075,-40.378227
LOES02412,BR,ES,Vila Velha,-20.379869,-40.37766
LOES02413,BR,ES,Vila Velha,-20.37775,-40.341514
LOSP02414,BR,SP,Vinhedo,-23.0502,-47.0212
LOES02415,BR,ES,Vitoria,-20.3019,-40.2902
LOES02416,BR,ES,Vitoria,-20.29999,-40.29893
LOES02417,BR,ES,Vitoria,-20.33024,-40.34096
LOES02418,BR,ES,Vitoria,-20.34081,-40.33779
LOES02420,BR,ES,Vitória,-20.3002,-40.2922
LOES02421,BR,ES,Vitória,-20.3222,-40.2742
LOES02424,BR,ES,Vitória,-20.299803,-40.292414
LOES02425,BR,ES,Vitória,-20.299906,-40.292401
LOES02426,BR,ES,Vitória,-20.299906,-40.292401
LOMA00473,BR,MA,Açailândia,-4.924744,-47.429187
LOSP00477,BR,SP,Aluminio,-23.5699,-47.2955
LOSP00478,BR,SP,Americana,-22.73179,-47.333306
LOSP00479,BR,SP,Americana,-22.791492,-47.355539
LOSP00480,BR,SP,Americana,-22.7622,-47.3952
LOSP00481,BR,SP,Americana,-22.7322,-47.3902
LOSP00482,BR,SP,Americana,-22.761283,-47.394436
LOSP00483,BR,SP,Americana,-22.756611,-47.330507
LOSP00484,BR,SP,Americana,-22.78791,-47.341748
LOSP00485,BR,SP,Americana,-22.768737,-47.330173
LOSP00486,BR,SP,Américo Brasiliense,-21.7808,-48.1611
LORJ00490,BR,RJ,Angra Dos Reis,-23.032,-44.2785
LORJ00491,BR,RJ,Angra Dos Reis,-23.032,-44.2786
LORJ00492,BR,RJ,Angra Dos Reis,-23.032942,-44.277332
LORJ00493,BR,RJ,Angra Dos Reis,-23.002908,-44.334475
LORJ00494,BR,RJ,Angra Dos Reis,-23.043354,-44.492031
LORJ00495,BR,RJ,Angra Dos Reis,-23.032942,-44.277332
LORS00496,BR,RS,Anta Gorda,-28.999536,-52.036578
LORS00497,BR,RS,Anta Gorda,-28.976457,-51.999347
LORS00498,BR,RS,Anta Gorda,-29.0182,-52.0032
LORS00499,BR,RS,Antônio Prado,-28.891787,-51.320758
LOMS00502,BR,MS,Aparecida Do Taboado,-20.1057,-51.1583
LOSE00506,BR,SE,Aracaju,-10.962003,-37.11297
LOSP00509,BR,SP,Aracatuba,-21.2194,-50.5036
LOSP00510,BR,SP,Araçatuba,-21.2502,-50.4422
LOSP00511,BR,SP,Araçatuba,-21.219342,-50.503711
LOPR00512,BR,PR,Arapongas,-23.447663,-51.480099
LOSC00514,BR,SC,Araquari,-26.448073,-48.783271
LOSC00515,BR,SC,Ararangua,-28.9936,-49.5444
LOSC00516,BR,SC,Ararangua,-28.9936,-49.5444
LOSP00529,BR,SP,Araras,-22.407585,-47.436682
LOSP00530,BR,SP,Araras,-22.4002,-47.4352
LOSP00531,BR,SP,Araras,-22.3303,-47.4295
LORJ00532,BR,RJ,Araruama,-22.905816,-42.37815
LORJ00533,BR,RJ,Araruama,-22.904149,-42.373983
LOPR00539,BR,PR,Araucária,-25.6082,-49.4182
LOSP00542,BR,SP,Arujá,-23.434472,-46.363756
LOSP00543,BR,SP,Assis,-22.6729,-50.4341
LOSP00544,BR,SP,Assis,-22.6732,-50.4342
LOSP00545,BR,SP,Assis,-22.695539,-50.444857
LOSP00546,BR,SP,Assis,-22.674507,-50.43184
LOPR00547,BR,PR,Astorga,-23.270338,-51.700599
LOSP00552,BR,SP,Avaré,-23.13705,-49.01876
LOSP00555,BR,SP,Bálsamo,-20.778857,-49.604555
LORS00556,BR,RS,Barao,-29.4146,-51.531
LORS00557,BR,RS,Barão,-29.4122,-51.5332
LORS00558,BR,RS,Barão,-29.411141,-51.53794
LORS00559,BR,RS,Barão,-29.415715,-51.532109
LOPA00560,BR,PA,Barcarena,-1.545995,-48.654268
LOPA00561,BR,PA,Barcarena,-1.55378,-48.6526
LOSP00562,BR,SP,Bariri,-22.1172,-48.7772
LOSP00563,BR,SP,Bariri,-22.1172,-48.7772
LOSP00564,BR,SP,Barra Bonita,-22.4682,-48.5982
LORJ00565,BR,RJ,Barra Do Piraí,-22.51254,-44.05376
LORS00567,BR,RS,Barra Funda,-27.960555,-53.072067
LORS00568,BR,RS,Barra Funda,-27.9552,-53.0712
LORJ00569,BR,RJ,Barra Mansa,-22.579524,-44.209979
LOSP00571,BR,SP,Barretos,-20.5692,-48.6322
LOMG00572,BR,MG,Barroso,-21.21784,-44.014935
LOSP00573,BR,SP,Barueri,-23.507875,-46.918085
LOSP00574,BR,SP,Barueri,-23.531625,-46.907553
LOSP00578,BR,SP,Bauru,-22.395345,-49.075251
LOSP00579,BR,SP,Bebedouro,-20.979505,-48.519101
LOSP00580,BR,SP,Bebedouro,-20.98447,-48.518572
LOPA00582,BR,PA,Belem,-1.48344,-48.51818
LOPA00583,BR,PA,Belem,-1.486831,-48.513321
LOPA00584,BR,PA,Belem,-1.47486,-48.52653
LOPA00585,BR,PA,Belem,-1.33519,-48.51004
LOPA00586,BR,PA,Belém,-1.4022,-48.5132
LOPA00587,BR,PA,Belém,-1.34238,-48.5084
LOPA00588,BR,PA,Belém,-1.470177,-48.492545
LOPA00589,BR,PA,Belém,-1.491683,-48.528529
LOPA00590,BR,PA,Belém,-1.472415,-48.493233
LOPA00591,BR,PA,Belém,-1.470972,-48.49606
LORJ00592,BR,RJ,Belford Roxo,-22.795593,-43.417865
LOMG00594,BR,MG,Belo Horizonte,-19.914733,-43.997799
LOPA00602,BR,PA,Benevides,-1.3962,-48.2782
LORS00603,BR,RS,Bento Goncalves,-29.1849,-51.5283
LORS00604,BR,RS,Bento Gonçalves,-29.1952,-51.5422
LORS00605,BR,RS,Bento Gonçalves,-29.1152,-51.5912
LORS00606,BR,RS,Bento Gonçalves,-29.136182,-51.585944
LORS00607,BR,RS,Bento Gonçalves,-29.1383,-51.5849
LORS00608,BR,RS,Bento Gonçalves,-29.2092,-51.5532
LORS00609,BR,RS,Bento Gonçalves,-29.1972,-51.5372
LORS00610,BR,RS,Bento Gonçalves,-29.1702,-51.5252
LORS00611,BR,RS,Bento Gonçalves,-29.1152,-51.5912
LORS00612,BR,RS,Bento Gonçalves,-29.2092,-51.5532
LORS00613,BR,RS,Bento Gonçalves,-29.13826,-51.58172
LORS00614,BR,RS,Bento Gonçalves,-29.202675,-51.549763
LORS00615,BR,RS,Bento Gonçalves,-29.195305,-51.542067
LORS00616,BR,RS,Bento Gonçalves,-29.196934,-51.531902
LORS00617,BR,RS,Bento Gonçalves,-29.177607,-51.524876
LOSP00618,BR,SP,Bertioga,-23.877485,-46.175098
LOMG00619,BR,MG,Betim,-20.00665,-44.217217
LOSP00625,BR,SP,Birigui,-21.3192,-50.3973
LOSP00626,BR,SP,Birigui,-21.3202,-50.3962
LOSP00627,BR,SP,Birigui,-21.3202,-50.3962
LOSP00628,BR,SP,Birigui,-21.317331,-50.371133
LOSP00629,BR,SP,Birigui,-21.319975,-50.396178
LOSP00631,BR,SP,Boituva,-23.367548,-47.716611
LOMG00632,BR,MG,Bom Despacho,-19.7722,-45.2872
LOMG00633,BR,MG,Bom Despacho,-19.768095,-45.285925
LORS00634,BR,RS,Bom Jesus,-28.7142,-50.4822
LORS00636,BR,RS,Bom Princípio,-29.490965,-51.393431
LORS00637,BR,RS,Bom Retiro Do Sul,-29.59642,-51.91656
LOSP00638,BR,SP,Botucatu,-22.9062,-48.5172
LOSP00639,BR,SP,Botucatu,-22.9062,-48.5172
LOSP00640,BR,SP,Botucatu,-22.916197,-48.502439
LOSP00641,BR,SP,Botucatu,-22.9202,-48.5092
LOSP00642,BR,SP,Botucatu,-22.9062,-48.5172
LOSP00643,BR,SP,Botucatu,-22.905922,-48.517482
LOSP00645,BR,SP,Bragança Paulista,-23.0082,-46.6862
LOSP00646,BR,SP,Bragança Paulista,-22.940491,-46.588827
LOSP00647,BR,SP,Bragança Paulista,-23.007149,-46.568108
LOSP00648,BR,SP,Bragança Paulista,-22.9922,-46.5836
LOSP00670,BR,SP,Cabo De Santo Agostinho,-8.25804,-35.0004
LOPE00671,BR,PE,Cabo De Santo Agostinho,-8.32541,-35.07155
LOPE00672,BR,PE,Cabo De Santo Agostinho,-8.28987,-35.0685
LOPE00673,BR,PE,Cabo De Santo Agostinho,-8.261386,-34.999661
LOSP00674,BR,SP,Cabreúva,-23.2909,-47.1259
LOSP00675,BR,SP,Cabreúva,-23.2902,-47.1362
LOSP00676,BR,SP,Caçapava,-23.16154,-45.77392
LOSP00677,BR,SP,Caçapava,-23.2072,-45.7632
LOSP00678,BR,SP,Caçapava,-23.155419,-45.766325
LOSP00679,BR,SP,Caçapava,-23.14751,-45.73647
LORS00680,BR,RS,Cachoeira Do Sul,-30.049817,-52.944222
LORS00681,BR,RS,Cachoeira Do Sul,-30.0644,-52.9634
LORS00682,BR,RS,Cachoeira Do Sul,-30.066532,-52.965856
LORS00683,BR,RS,Cachoeira Do Sul,-30.0462,-52.9552
LORS00687,BR,RS,Cachoeirinha,-29.9739,-51.1355
LORS00688,BR,RS,Cachoeirinha,-29.978979,-51.141911
LORS00689,BR,RS,Cachoeirinha,-29.9711,-51.134
LORS00690,BR,RS,Cachoeirinha,-29.9742,-51.1312
LORS00691,BR,RS,Cachoeirinha,-29.9842,-51.1422
LORS00692,BR,RS,Cachoeirinha,-29.979315,-51.141943
LORS00693,BR,RS,Cachoeirinha,-29.979315,-51.141943
LORS00694,BR,RS,Cachoeirinha,-29.973661,-51.131242
LORS00695,BR,RS,Cachoeirinha,-29.968785,-51.136549
LORS00696,BR,RS,Cachoeirinha,-29.9711,-51.13413
LOMG00698,BR,MG,Caeté,-19.981913,-43.662477
LOSP00700,BR,SP,Cajamar,-23.446917,-46.860297
LOBA00701,BR,BA,Camaçari,-12.7283,-38.3421
LORS00704,BR,RS,Camaquã,-30.893339,-51.853035
LORS00726,BR,RS,Campo Bom,-29.722722,-51.090024
LOMS00727,BR,MS,Campo Grande,-20.53649,-54.77125
LOMS00728,BR,MS,Campo Grande,-20.484841,-54.611351
LOMS00729,BR,MS,Campo Grande,-20.497456,-54.609161
LOPR00731,BR,PR,Campo Largo,-25.472122,-49.553767
LOPR00732,BR,PR,Campo Largo,-25.362105,-49.524985
LOSP00736,BR,SP,Campos Do Jordão,-22.7832,-45.6562
LORJ00737,BR,RJ,Campos Dos Goytacazes,-21.808425,-41.363349
LOPA00740,BR,PA,Canaã Dos Carajás,-6.5192,-49.9182
LORS00742,BR,RS,Cândido Godói,-27.980915,-54.7887
LORS00743,BR,RS,Cândido Godói,-27.981311,-54.783404
LORS00744,BR,RS,Canela,-29.438032,-50.796618
LORS00745,BR,RS,Canela,-29.3722,-50.8222
LORS00746,BR,RS,Canela,-29.396215,-50.843678
LORS00747,BR,RS,Canoas,-29.9922,-51.2212
LORS00748,BR,RS,Canoas,-29.9202,-51.2212
LORS00749,BR,RS,Canoas,-29.9502,-51.2182
LORS00750,BR,RS,Canoas,-29.9502,-51.2182
LORS00751,BR,RS,Canoas,-29.93914,-51.211315
LORS00752,BR,RS,Canoas,-29.941635,-51.233142
LORS00753,BR,RS,Canoas,-29.962358,-51.196464
LORS00754,BR,RS,Canoas,-29.91783,-51.221844
LORS00755,BR,RS,Canoas,-29.989218,-51.222448
LORS00756,BR,RS,Canoas,-29.98441,-51.1879
LORS00757,BR,RS,Canoas,-29.941035,-51.179745
LORS00758,BR,RS,Canoas,-29.9809,-51.21806
LORJ00759,BR,RJ,Cantagalo,-21.978061,-42.30356
LOSP00760,BR,SP,Capao Bonito,-24.02679,-48.36182
LOSP00761,BR,SP,Capao Bonito,-24.02679,-48.36182
LOSP00762,BR,SP,Capão Bonito,-24.0262,-48.3622
LOSP00764,BR,SP,Caraguatatuba,-23.693406,-45.475141
LORS00765,BR,RS,Carlos Barbosa,-29.331025,-51.533106
LOMG00766,BR,MG,Carneirinho,-19.72394,-50.88146
LOPR00769,BR,PR,Cascavel,-25.02404,-53.5437
LOPR00770,BR,PR,Cascavel,-25.0152,-53.3982
LOPR00771,BR,PR,Cascavel,-25.015333,-53.484318
LOPR00772,BR,PR,Cascavel,-25.02404,-53.5437
LOPR00773,BR,PR,Cascavel,-24.9989,-53.4888
LOPR00774,BR,PR,Cascavel,-25.0362,-53.5582
LOPR00775,BR,PR,Cascavel,-24.996973,-53.493701
LOPR00776,BR,PR,Cascavel,-25.006077,-53.522517
LOPR00777,BR,PR,Cascavel,-25.006077,-53.522517
LOPR00778,BR,PR,Cascavel,-24.995894,-53.493179
LOPR00779,BR,PR,Cascavel,-24.989574,-53.504741
LOPR00780,BR,PR,Cascavel,-25.006077,-53.522517
LOPR00781,BR,PR,Cascavel,-25.037739,-53.559753
LOPR00782,BR,PR,Cascavel,-25.036232,-53.558493
LOMS00783,BR,MS,Cassilândia,-19.146549,-51.764728
LOPA00784,BR,PA,Castanhal,-1.327082,-47.961647
LOPA00785,BR,PA,Castanhal,-1.331378,-47.955226
LOPA00786,BR,PA,Castanhal,-1.327587,-47.975454
LOPA00787,BR,PA,Castanhal,-1.33397,-47.93691
LORS00790,BR,RS,Caxias Do Sul,-29.1812,-51.2653
LORS00791,BR,RS,Caxias Do Sul,-29.2346,-51.2135
LORS00792,BR,RS,Caxias Do Sul,-29.2329,-51.2142
LORS00793,BR,RS,Caxias Do Sul,-29.228778,-51.2732
LORS00794,BR,RS,Caxias Do Sul,-29.2031,-51.2146
LORS00795,BR,RS,Caxias Do Sul,-29.1922,-51.2531
LORS00796,BR,RS,Caxias Do Sul,-29.1502,-51.2135
LORS00797,BR,RS,Caxias Do Sul,-29.2055,-51.1959
LORS00798,BR,RS,Caxias Do Sul,-29.1809,-51.259
LORS00799,BR,RS,Caxias Do Sul,-29.152428,-51.2369
LORS00800,BR,RS,Caxias Do Sul,-29.1537,-51.1571
LORS00801,BR,RS,Caxias Do Sul,-29.2134,-51.2755
LORS00802,BR,RS,Caxias Do Sul,-29.1794,-51.2611
LORS00803,BR,RS,Caxias Do Sul,-29.2082,-51.2818
LORS00804,BR,RS,Caxias Do Sul,-29.1934,-51.2506
LORS00805,BR,RS,Caxias Do Sul,-29.2236,-51.285
LORS00806,BR,RS,Caxias Do Sul,-29.1477,-51.1497
LORS00807,BR,RS,Caxias Do Sul,-29.1812,-51.2662
LORS00808,BR,RS,Caxias Do Sul,-29.184573,-51.175576
LORS00809,BR,RS,Caxias Do Sul,-29.23335,-51.21418
LORS00810,BR,RS,Caxias Do Sul,-29.228989,-51.283649
LORS00811,BR,RS,Caxias Do Sul,-29.212478,-51.277898
LORS00812,BR,RS,Caxias Do Sul,-29.1642,-51.2222
LORS00813,BR,RS,Caxias Do Sul,-29.176953,-51.170627
LORS00814,BR,RS,Caxias Do Sul,-29.234699,-51.213579
LORS00815,BR,RS,Caxias Do Sul,-29.1532,-51.1572
LORS00816,BR,RS,Caxias Do Sul,-29.1982,-51.2842
LORS00817,BR,RS,Caxias Do Sul,-29.1812,-51.2662
LORS00818,BR,RS,Caxias Do Sul,-29.2332,-51.2142
LORS00819,BR,RS,Caxias Do Sul,-29.2102,-51.2462
LORS00820,BR,RS,Caxias Do Sul,-29.2092,-51.1962
LORS00821,BR,RS,Caxias Do Sul,-29.2032,-51.2142
LORS00822,BR,RS,Caxias Do Sul,-29.1672,-51.2192
LORS00823,BR,RS,Caxias Do Sul,-29.1852,-51.1822
LORS00824,BR,RS,Caxias Do Sul,-29.17112,-51.22103
LORS00825,BR,RS,Caxias Do Sul,-29.1492,-51.2062
LORS00826,BR,RS,Caxias Do Sul,-29.2192,-51.2232
LORS00827,BR,RS,Caxias Do Sul,-29.2042,-51.1952
LORS00828,BR,RS,Caxias Do Sul,-29.1542,-51.2362
LORS00829,BR,RS,Caxias Do Sul,-29.1642,-51.2222
LORS00830,BR,RS,Caxias Do Sul,-29.2032,-51.2142
LORS00831,BR,RS,Caxias Do Sul,-29.1762,-51.1702
LORS00832,BR,RS,Caxias Do Sul,-29.2032,-51.2142
LORS00833,BR,RS,Caxias Do Sul,-29.2032,-51.2142
LORS00834,BR,RS,Caxias Do Sul,-29.2232,-51.2852
LORS00835,BR,RS,Caxias Do Sul,-29.1732,-51.2342
LORS00836,BR,RS,Caxias Do Sul,-29.1862,-51.2292
LORS00837,BR,RS,Caxias Do Sul,-29.2132,-51.2782
LORS00838,BR,RS,Caxias Do Sul,-29.2032,-51.2142
LORS00839,BR,RS,Caxias Do Sul,-29.2112,-51.2392
LORS00840,BR,RS,Caxias Do Sul,-29.2112,-51.1712
LORS00841,BR,RS,Caxias Do Sul,-29.2282,-51.2732
LORS00842,BR,RS,Caxias Do Sul,-29.1982,-51.2322
LORS00843,BR,RS,Caxias Do Sul,-29.2092,-51.2692
LORS00844,BR,RS,Caxias Do Sul,-29.199889,-51.218691
LORS00845,BR,RS,Caxias Do Sul,-29.190018,-51.215881
LORS00846,BR,RS,Caxias Do Sul,-29.199911,-51.236056
LORS00847,BR,RS,Caxias Do Sul,-29.188562,-51.208392
LORS00848,BR,RS,Caxias Do Sul,-29.202598,-51.218807
LORS00849,BR,RS,Caxias Do Sul,-29.199911,-51.236056
LORS00850,BR,RS,Caxias Do Sul,-29.18165,-51.224834
LORS00851,BR,RS,Caxias Do Sul,-29.192846,-51.249956
LORS00852,BR,RS,Caxias Do Sul,-29.154223,-51.234182
LORS00853,BR,RS,Caxias Do Sul,-29.18934,-51.240667
LORS00854,BR,RS,Caxias Do Sul,-29.181305,-51.265276
LORS00855,BR,RS,Caxias Do Sul,-29.183949,-51.175554
LORS00856,BR,RS,Caxias Do Sul,-29.234713,-51.213568
LORS00857,BR,RS,Caxias Do Sul,-29.22904,-51.283749
LORS00858,BR,RS,Caxias Do Sul,-29.185832,-51.183007
LORS00859,BR,RS,Caxias Do Sul,-29.17446,-51.219771
LORS00860,BR,RS,Caxias Do Sul,-29.219659,-51.22158
LORS00861,BR,RS,Caxias Do Sul,-29.177026,-51.170628
LORS00862,BR,RS,Caxias Do Sul,-29.223176,-51.285356
LORS00863,BR,RS,Caxias Do Sul,-29.186179,-51.223552
LORS00864,BR,RS,Caxias Do Sul,-29.216401,-51.269195
LORS00865,BR,RS,Caxias Do Sul,-29.214934,-51.171303
LORS00866,BR,RS,Caxias Do Sul,-29.197973,-51.232124
LORS00867,BR,RS,Caxias Do Sul,-29.212529,-51.278106
LORS00868,BR,RS,Caxias Do Sul,-29.164622,-51.222286
LORS00869,BR,RS,Caxias Do Sul,-29.173557,-51.234318
LORS00870,BR,RS,Caxias Do Sul,-29.18697,-51.238965
LORS00871,BR,RS,Caxias Do Sul,-29.204273,-51.281485
LORS00872,BR,RS,Caxias Do Sul,-29.210618,-51.275328
LORS00873,BR,RS,Caxias Do Sul,-29.182315,-51.188058
LORS00874,BR,RS,Caxias Do Sul,-29.198092,-51.283618
LORS00875,BR,RS,Caxias Do Sul,-29.203,-51.171637
LORS00876,BR,RS,Caxias Do Sul,-29.210465,-51.272775
LOSP00877,BR,SP,Cerquilho,-23.206731,-47.779041
LOMT00878,BR,MT,Chapada Dos Guimarães,-15.488585,-55.7872
LOSC00879,BR,SC,Chapecó,-27.133693,-52.680907
LOSC00880,BR,SC,Chapecó,-27.1922,-52.6412
LOSC00881,BR,SC,Chapecó,-27.1112,-52.6752
LOSC00882,BR,SC,Chapecó,-27.1021,-52.6713
LOSC00883,BR,SC,Chapecó,-27.143478,-52.633469
LOSC00884,BR,SC,Chapecó,-27.1402,-52.6532
LOSC00885,BR,SC,Chapecó,-27.145198,-52.6622
LOSC00886,BR,SC,Chapecó,-27.098137,-52.669622
LOSC00887,BR,SC,Chapecó,-27.135855,-52.681096
LOSC00888,BR,SC,Chapecó,-27.14005,-52.65291
LOPR00890,BR,PR,Colorado,-22.883211,-52.009072
LORJ00892,BR,RJ,Conceicao De Macabu,-22.124433,-41.90239
LOMG00893,BR,MG,Conceição Do Mato Dentro,-19.06746,-43.46096
LOSP00895,BR,SP,Conchas,-23.058169,-48.046486
LOMG00896,BR,MG,Congonhas,-20.535014,-43.948475
LOMG00897,BR,MG,Conselheiro Lafaiete,-20.707138,-43.833989
LOMG00899,BR,MG,Contagem,-19.9996,-44.0619
LOMG00907,BR,MG,Contagem,-19.9551,-44.115
LOPR00909,BR,PR,Cornélio Procópio,-23.22246,-50.671343
LOSP00912,BR,SP,Cotia,-23.6552,-46.8842
LOSP00913,BR,SP,Cotia,-23.634421,-46.939203
LORS00926,BR,RS,Cruz Alta,-28.674859,-53.642967
LOPR00927,BR,PR,Cruzeiro Do Oeste,-23.828716,-53.086856
LOPR00928,BR,PR,Cruzeiro Do Oeste,-23.8288,-53.0862
LOSP00929,BR,SP,Cubatão,-23.909402,-46.462267
LOMT00930,BR,MT,Cuiabá,-15.650717,-56.056985
LOMT00931,BR,MT,Cuiabá,-15.625586,-56.122489
LOPA00932,BR,PA,Curionópolis,-5.9752,-49.7092
LOPR00933,BR,PR,Curitiba,-25.573754,-49.349116
LOPR00934,BR,PR,Curitiba,-25.507779,-49.282619
LOMG00962,BR,MG,Delta,-20.0022,-47.8292
LOSP00964,BR,SP,Diadema,-23.7423,-46.6365
LOSP00965,BR,SP,Diadema,-23.7142,-46.6244
LOMG00978,BR,MG,Divinópolis,-20.1882,-44.9082
LOMG00979,BR,MG,Divinópolis,-20.179666,-44.909132
LOPR00980,BR,PR,Dois Vizinhos,-25.7692,-53.0942
LOMT00981,BR,MT,Dom Aquino,-15.532771,-54.798894
LOMS00983,BR,MS,Dourados,-22.256922,-54.758082
LORJ00984,BR,RJ,Duque De Caxias,-22.8226,-43.3482
LORJ00985,BR,RJ,Duque De Caxias,-22.81908,-43.324039
LORJ00986,BR,RJ,Duque De Caxias,-22.827346,-43.354544
LORS00989,BR,RS,Eldorado Do Sul,-30.0312,-51.3462
LORS00991,BR,RS,Erechim,-27.6852,-52.28
LORS00992,BR,RS,Erechim,-27.641659,-52.2822
LORS00993,BR,RS,Erechim,-27.686124,-52.280211
LORS00994,BR,RS,Erechim,-27.6872,-52.2762
LORS00995,BR,RS,Erechim,-27.6902,-52.2732
LORS00996,BR,RS,Erechim,-27.68737,-52.284308
LORS00997,BR,RS,Erechim,-27.686124,-52.280211
LORS00998,BR,RS,Esteio,-29.8732,-51.2107
LORS00999,BR,RS,Estrela,-29.5366,-52.004
LORS01000,BR,RS,Estrela,-29.5402,-52.0052
LORS01001,BR,RS,Estrela,-29.5262,-51.9722
LORS01002,BR,RS,Estrela,-29.525048,-51.946091
LORS01003,BR,RS,Estrela,-29.540958,-52.001075
LORS01004,BR,RS,Estrela,-29.525234,-51.971758
LORS01009,BR,RS,Farroupilha,-29.2502,-51.4037
LORS01010,BR,RS,Farroupilha,-29.2522,-51.3842
LORS01011,BR,RS,Farroupilha,-29.2652,-51.3942
LORS01012,BR,RS,Farroupilha,-29.2572,-51.3752
LORS01013,BR,RS,Farroupilha,-29.2912,-51.3272
LORS01014,BR,RS,Farroupilha,-29.2402,-51.3862
LORS01015,BR,RS,Farroupilha,-29.2598,-51.3862
LORS01016,BR,RS,Farroupilha,-29.262062,-51.384413
LORS01017,BR,RS,Farroupilha,-29.208217,-51.326604
LORS01018,BR,RS,Farroupilha,-29.255114,-51.376894
LOSP01022,BR,SP,Fernandópolis,-20.330727,-50.282299
LOSP01023,BR,SP,Ferraz De Vasconcelos,-23.5822,-46.4098
LOSP01025,BR,SP,Ferraz De Vasconcelos,-23.580699,-46.417412
LOSP01026,BR,SP,Ferraz De Vasconcelos,-23.586241,-46.420146
LORS01027,BR,RS,Flores Da Cunha,-29.0384,-51.2174
LORS01028,BR,RS,Flores Da Cunha,-29.069675,-51.215322
LORS01029,BR,RS,Flores Da Cunha,-29.0662,-51.2272
LORS01030,BR,RS,Flores Da Cunha,-29.0452,-51.2232
LORS01031,BR,RS,Flores Da Cunha,-29.07104,-51.21653
LORS01032,BR,RS,Flores Da Cunha,-29.064001,-51.213076
LORS01033,BR,RS,Flores Da Cunha,-29.118367,-51.227673
LOMG01038,BR,MG,Formiga,-20.496796,-45.460035
LOPR01039,BR,PR,Foz Do Iguaçu,-25.533648,-54.603594
LOPR01040,BR,PR,Foz Do Iguaçu,-25.578728,-54.61571
LOPR01041,BR,PR,Foz Do Iguaçu,-25.54698,-54.58017
LOPR01044,BR,PR,Francisco Beltrão,-26.118439,-53.086013
LOPR01045,BR,PR,Francisco Beltrão,-26.14856,-53.07514
LOSP01046,BR,SP,Francisco Morato,-23.318818,-46.782851
LOPE01048,BR,PE,Garanhuns,-8.921896,-36.517298
LOSP01049,BR,SP,Garça,-22.252876,-49.6884
LORS01050,BR,RS,Garibaldi,-29.250011,-51.550283
LORS01051,BR,RS,Garibaldi,-29.291298,-51.556459
LORS01052,BR,RS,Garibaldi,-29.296243,-51.561748
LORS01053,BR,RS,Garibaldi,-29.2912,-51.5582
LORS01054,BR,RS,Garibaldi,-29.2892,-51.5662
LORS01055,BR,RS,Garibaldi,-29.2682,-51.5522
LORS01056,BR,RS,Garibaldi,-29.2362,-51.5322
LORS01057,BR,RS,Garibaldi,-29.252642,-51.557539
LORS01058,BR,RS,Garibaldi,-29.28908,-51.568937
LORS01059,BR,RS,Garibaldi,-29.236214,-51.532274
LORS01060,BR,RS,Garibaldi,-29.272115,-51.545253
LORS01061,BR,RS,Garibaldi,-29.2678,-51.55116
LOSP01062,BR,SP,Garuva,-26.0882,-48.8922
LORS01063,BR,RS,Giruá,-28.08706,-54.47173
LORS01064,BR,RS,Giruá,-28.066088,-54.381147
LOPE01065,BR,PE,Goiana,-7.649591,-34.989329
LOPE01066,BR,PE,Goiana,-7.59761,-35.03363
LOPE01067,BR,PE,Goiana,-7.607,-35.0377
LOPE01068,BR,PE,Goiana,-7.607,-35.0377
LOPR01083,BR,PR,Goioerê,-24.227788,-53.068166
LORS01085,BR,RS,Gramado,-29.412251,-50.905596
LORS01086,BR,RS,Gravataí,-29.9782,-51.0272
LORS01087,BR,RS,Gravataí,-29.9682,-51.0532
LORS01088,BR,RS,Gravataí,-29.97588,-51.02953
LORS01089,BR,RS,Guaíba,-30.141703,-51.349964
LORS01090,BR,RS,Guaíba,-30.15424,-51.361252
LORJ01092,BR,RJ,Guapimirim,-22.561626,-43.004794
LOSP01093,BR,SP,Guará,-20.4843,-47.8733
LOPR01097,BR,PR,Guarapuava,-25.397587,-51.510454
LOSP01099,BR,SP,Guararema,-23.354013,-46.154194
LOSP01100,BR,SP,Guararema,-23.447091,-46.055721
LOSP01101,BR,SP,Guaratinguetá,-22.80751,-45.19277
LOSP01102,BR,SP,Guaratinguetá,-22.8122,-45.1932
LOSP01104,BR,SP,Guarujá,-24.029203,-46.328238
LOSP01105,BR,SP,Guarujá,-24.001425,-46.316752
LOSP01106,BR,SP,Guarujá,-24.01148,-46.30991
LOSP01107,BR,SP,Guarujá,-24.012175,-46.311791
LOSP01108,BR,SP,Guarujá,-24.012174,-46.31179
LOSP01109,BR,SP,Guarujá,-24.012125,-46.311793
LOSP01110,BR,SP,Guarujá,-24.030105,-46.3286
LOSP01111,BR,SP,Guarulhos,-23.4647,-46.4384
LOSP01119,BR,SP,Guarulhos,-23.484126,-46.530758
LOSP01120,BR,SP,Guarulhos,-23.506964,-46.563646
LOSP01122,BR,SP,Guarulhos,-23.468549,-46.450882
LOSP01123,BR,SP,Guarulhos,-23.46485,-46.43831
LOSP01124,BR,SP,Guarulhos,-23.513603,-46.498724
LORS01125,BR,RS,Horizontina,-27.676063,-54.350841
LORS01126,BR,RS,Horizontina,-27.664162,-54.346203
LORS01127,BR,RS,Horizontina,-27.664119,-54.346214
LORS01128,BR,RS,Horizontina,-27.655397,-54.34838
LOSP01129,BR,SP,Hortolandia,-22.9299,-47.2343
LOSP01131,BR,SP,Hortolândia,-22.92451,-47.22757
LOMG01135,BR,MG,Igarapé,-20.154878,-44.341512
LOMG01136,BR,MG,Igarapé,-20.099408,-44.329461
LORS01137,BR,RS,Igrejinha,-29.607488,-50.83628
LORS01138,BR,RS,Ijui,-28.430845,-53.946889
LORS01139,BR,RS,Ijui,-28.420147,-53.965277
LORS01140,BR,RS,Ijuí,-28.351987,-54.012957
LORS01141,BR,RS,Ijuí,-28.4402,-53.9582
LORS01142,BR,RS,Ijuí,-28.42884,-53.945954
LORS01143,BR,RS,Ijuí,-28.439681,-53.957227
LORS01144,BR,RS,Ijuí,-28.428323,-53.941338
LORS01145,BR,RS,Ijuí,-28.428986,-53.95629
LOSC01146,BR,SC,Imbituba,-28.28119,-48.712549
LOMA01147,BR,MA,Imperatriz,-5.4552,-47.6022
LOSP01148,BR,SP,Imperatriz,-5.4522,-47.5992
LOMA01149,BR,MA,Imperatriz,-5.562639,-47.515235
LOSP01150,BR,SP,Indaiatuba,-23.1702,-47.2552
LORS01159,BR,RS,Independência,-27.882909,-54.227946
LORS01160,BR,RS,Ipê,-28.8822,-51.2442
LOSP01161,BR,SP,Ipeúna,-22.463977,-47.739804
LOMG01162,BR,MG,Itabira,-19.65227,-43.26312
LOMG01163,BR,MG,Itabira,-19.687714,-43.289365
LOMG01164,BR,MG,Itabira,-19.687714,-43.289365
LOMG01165,BR,MG,Itabirito,-20.248725,-43.89859
LORJ01168,BR,RJ,Itaguaí,-22.907625,-43.814975
LORJ01169,BR,RJ,Itaguaí,-22.92186,-43.860493
LOMG01172,BR,MG,Itamonte,-22.319333,-44.904282
LORJ01174,BR,RJ,Itaperuna,-21.156215,-42.176195
LOSP01177,BR,SP,Itapetininga,-23.6022,-48.1042
LOSP01178,BR,SP,Itapetininga,-23.597151,-48.0482
LOSP01179,BR,SP,Itapetininga,-23.619777,-48.080368
LOSP01180,BR,SP,Itapeva,-24.023489,-48.91221
LOSP01181,BR,SP,Itapevi,-23.582259,-46.969831
LOSP01182,BR,SP,Itapevi,-23.576882,-46.961767
LOSP01187,BR,SP,Itaquaquecetuba,-23.4752,-46.3671
LOSP01189,BR,SP,Itaquaquecetuba,-23.492567,-46.359222
LORJ01190,BR,RJ,Itatiaia,-22.5252,-44.59531
LORJ01191,BR,RJ,Itatiaia,-22.515364,-44.570585
LOSP01197,BR,SP,Itatiba,-23.0688,-46.7661
LOSP01216,BR,SP,Itupeva,-23.0962,-47.0752
LOSP01217,BR,SP,Itupeva,-23.1872,-47.0622
LOSP01218,BR,SP,Itupeva,-23.188816,-47.069924
LOSC01219,BR,SC,Ituporanga,-27.4613,-49.6505
LORS01223,BR,RS,Ivoti,-29.627149,-51.195482
LOPE01224,BR,PE,Jaboatão Dos Guararapes,-8.1182,-35.0322
LOPE01225,BR,PE,Jaboatão Dos Guararapes,-8.1952,-34.9632
LOSP01231,BR,SP,Jacareí,-23.3322,-46.0192
LOSP01232,BR,SP,Jacareí,-23.3212,-46.0192
LOSP01238,BR,SP,Jarinu,-23.025395,-46.772357
LOSP01239,BR,SP,Jarinu,-23.025669,-46.773215
LOSP01240,BR,SP,Jarinu,-23.025669,-46.773215
LOPR01242,BR,PR,Jataizinho,-23.30261,-51.004852
LOSP01243,BR,SP,Jaú,-22.326787,-48.597286
LOSP01244,BR,SP,Jaú,-22.303722,-48.591077
LOPB01246,BR,PB,João Pessoa,-7.156856,-34.894565
LOSC01271,BR,SC,Joinville,-26.32461,-48.88787
LOMG01275,BR,MG,Juiz De Fora,-21.8035,-43.3698
LOMG01276,BR,MG,Juiz De Fora,-21.798866,-43.379441
LOMG01277,BR,MG,Juiz De Fora,-21.806238,-43.381357
LOMG01278,BR,MG,Juiz De Fora,-21.804464,-43.381806
LOMG01279,BR,MG,Juiz De Fora,-21.729866,-43.466559
LOMG01280,BR,MG,Juiz De Fora,-21.79027,-43.378127
LOMG01281,BR,MG,Juiz De Fora,-21.809913,-43.419586
LOMG01282,BR,MG,Juiz De Fora,-21.726477,-43.373053
LOSP01283,BR,SP,Jundiai,-23.2115,-46.9898
LOSP01285,BR,SP,Jundiaí,-23.225616,-47.017761
LOSP01286,BR,SP,Jundiaí,-23.156997,-46.980686
LOSP01287,BR,SP,Jundiaí,-23.18665,-46.88521
LOSP01288,BR,SP,Jundiaí,-23.194997,-46.990915
LOSP01289,BR,SP,Jundiaí,-23.1852,-46.9742
LOSP01290,BR,SP,Jundiaí,-23.2137,-46.96222
LOSP01291,BR,SP,Jundiaí,-23.17001,-46.98017
LOSP01292,BR,SP,Jundiaí,-23.200586,-46.98073
LOSP01293,BR,SP,Jundiaí,-23.1862,-46.8842
LOSP01294,BR,SP,Jundiaí,-23.178707,-46.973116
LOSP01295,BR,SP,Jundiaí,-23.2162,-46.9672
LOSP01296,BR,SP,Jundiaí,-23.19335,-47.03987
LOSP01297,BR,SP,Jundiaí,-23.224263,-46.914063
LOSP01298,BR,SP,Jundiaí,-23.2182,-46.9242
LOSP01299,BR,SP,Jundiaí,-23.19396,-47.039893
LOSP01300,BR,SP,Jundiaí,-23.2008,-46.966879
LOSP01301,BR,SP,Jundiaí,-23.225738,-47.017758
LOSP01302,BR,SP,Jundiaí,-23.214005,-46.966979
LOMG01303,BR,MG,Lagoa Da Prata,-20.059143,-45.576969
LOMG01304,BR,MG,Lagoa Santa,-19.7074,-43.949
LORS01305,BR,RS,Lagoa Vermelha,-28.245089,-51.556584
LORS01306,BR,RS,Lajeado,-29.498416,-52.001749
LOMG01311,BR,MG,Lavras,-21.2592,-45.0215
LOMG01312,BR,MG,Lavras,-21.277227,-45.031152
LOMG01313,BR,MG,Lavras,-21.279928,-45.03459
LOSP01321,BR,SP,Limeira,-22.5828,-47.3788
LOSP01334,BR,SP,Limeira,-22.714482,-47.346183
LOPR01344,BR,PR,Londrina,-23.325301,-51.251761
LOPR01345,BR,PR,Londrina,-23.447762,-51.173001
LOSP01355,BR,SP,Lorena,-22.766418,-45.131356
LOSP01356,BR,SP,Louveira,-23.1192,-47.0212
LOSP01357,BR,SP,Louveira,-23.12282,-46.978443
LOSP01358,BR,SP,Louveira,-23.123042,-46.973917
LOSP01359,BR,SP,Louveira,-23.13228,-46.98399
LOSP01360,BR,SP,Louveira,-23.14161,-46.99224
LORJ01363,BR,RJ,Macae,-22.430599,-41.821147
LORJ01364,BR,RJ,Macae,-22.318764,-41.753275
LORJ01365,BR,RJ,Macae,-22.430599,-41.821147
LORJ01366,BR,RJ,Macaé,-22.436934,-41.843469
LORJ01367,BR,RJ,Macaé,-22.3624,-41.763334
LORJ01369,BR,RJ,Macaé,-22.41043,-41.813594
LORJ01371,BR,RJ,Mage,-22.683076,-43.077606
LOPR01373,BR,PR,Mairinque,-23.57982,-47.21504
LOSP01374,BR,SP,Mairiporã,-23.2962,-46.6232
LOSP01375,BR,SP,Mairiporã,-23.296018,-46.622003
LOAM01376,BR,AM,Manaus,-3.13127,-60.05919
LOPA01377,BR,PA,Maraba,-5.452387,-49.1535
LOPA01378,BR,PA,Marabá,-5.4062,-49.1532
LOPA01379,BR,PA,Marabá,-5.8192,-50.5702
LOPA01380,BR,PA,Marabá,-5.452506,-49.113221
LOPR01381,BR,PR,Marechal Cândido Rondon,-24.592511,-54.10104
LOPR01382,BR,PR,Marechal Cândido Rondon,-24.536053,-54.171444
LOSP01386,BR,SP,Marília,-22.2022,-49.9972
LOSP01387,BR,SP,Marília,-22.1962,-49.9932
LOSP01388,BR,SP,Marília,-22.262184,-49.970912
LOSP01389,BR,SP,Marília,-22.262184,-49.970912
LOSP01390,BR,SP,Marília,-22.262184,-49.970912
LOSP01391,BR,SP,Marília,-22.200917,-49.998209
LOPR01393,BR,PR,Maringá,-23.494973,-51.970885
LOPR01394,BR,PR,Maringá,-23.509455,-51.963942
LOPR01395,BR,PR,Maringá,-23.483071,-52.026252
LOPR01410,BR,PR,Marmeleiro,-26.18233,-53.04584
LOMG01413,BR,MG,Mateus Leme,-20.023846,-44.463434
LOMG01414,BR,MG,Matias Barbosa,-21.872171,-43.414044
LOSP01416,BR,SP,Mauá,-23.6762,-46.5022
LOSP01419,BR,SP,Mirassol,-20.81974,-49.57435
LOSP01420,BR,SP,Mococa,-21.550055,-47.056345
LOSP01421,BR,SP,Mococa,-21.53101,-47.004544
LOSP01422,BR,SP,Mococa,-21.5512,-47.0562
LOSP01423,BR,SP,Mococa,-21.47586,-47.04731
LOSP01424,BR,SP,Mococa,-21.5462,-47.0572
LOSP01425,BR,SP,Mococa,-21.470878,-47.045056
LOSP01426,BR,SP,Mococa,-21.475482,-47.047001
LOSP01427,BR,SP,Mococa,-21.5512,-47.0562
LOSP01428,BR,SP,Mogi Das Cruzes,-23.5645,-46.2548
LOSP01429,BR,SP,Mogi Das Cruzes,-23.545096,-46.229828
LOSP01430,BR,SP,Mogi Das Cruzes,-23.564341,-46.254715
LOSP01431,BR,SP,Mogi Guaçu,-22.350055,-47.003131
LOSP01432,BR,SP,Mogi Guaçu,-22.370398,-46.965033
LOSP01433,BR,SP,Mogi Guaçu,-22.3962,-46.9532
LOSP01434,BR,SP,Mogi Guaçu,-22.370398,-46.965033
LOSC01441,BR,SC,Morro Da Fumaça,-28.689988,-49.229391
LOMG01442,BR,MG,Muzambinho,-21.402777,-46.560674
LORS01443,BR,RS,Não-Me-Toque,-28.5072,-52.8952
LORS01444,BR,RS,Não-Me-Toque,-28.480198,-52.861786
LORN01445,BR,RN,Natal,-5.805832,-35.238379
LORN01446,BR,RN,Natal,-5.8277,-35.254506
LORN01447,BR,RN,Natal,-5.89444,-35.21655
LORN01448,BR,RN,Natal,-5.840303,-35.237283
LORN01449,BR,RN,Natal,-5.79297,-35.28466
LORN01450,BR,RN,Natal,-5.75773,-35.27783
LORN01451,BR,RN,Natal,-5.861271,-35.23709
LORN01452,BR,RN,Natal,-5.85883,-35.27214
LORN01453,BR,RN,Natal,-5.897718,-35.265168
LORN01454,BR,RN,Natal,-5.79477,-35.29962
LORN01455,BR,RN,Natal,-5.81795,-35.23187
LORN01456,BR,RN,Natal,-5.86851,-35.24708
LORN01457,BR,RN,Natal,-5.86851,-35.24708
LORJ01459,BR,RJ,Niteroi,-22.93051,-43.1457
LORJ01460,BR,RJ,Niteroi,-22.97085,-43.11421
LORJ01461,BR,RJ,Niteroi,-22.89764,-43.12915
LORJ01462,BR,RJ,Niterói,-22.905294,-43.147506
LORJ01463,BR,RJ,Niterói,-22.979169,-43.071353
LORJ01464,BR,RJ,Niterói,-22.927959,-43.153196
LORJ01465,BR,RJ,Niterói,-22.96872,-43.11066
LORJ01466,BR,RJ,Niterói,-22.900315,-43.130003
LORJ01467,BR,RJ,Niterói,-22.951027,-43.122157
LORJ01468,BR,RJ,Niterói,-22.91058,-43.11164
LORJ01469,BR,RJ,Niterói,-22.938659,-43.162004
LORJ01470,BR,RJ,Niterói,-22.937162,-43.162073
LORJ01471,BR,RJ,Niterói,-22.89919,-43.13333
LORJ01472,BR,RJ,Niterói,-22.938421,-43.124361
LORJ01473,BR,RJ,Niterói,-22.90538,-43.147783
LORS01474,BR,RS,Nova Bassano,-28.7647,-51.7377
LOMG01475,BR,MG,Nova Era,-19.7932,-43.0692
LOMG01476,BR,MG,Nova Era,-19.621031,-43.067499
LOMG01482,BR,MG,Nova Lima,-19.996337,-43.939906
LOMG01483,BR,MG,Nova Lima,-19.996337,-43.939906
LOMG01484,BR,MG,Nova Lima,-20.096361,-44.015807
LOMG01485,BR,MG,Nova Lima,-20.09352,-44.015201
LOMG01486,BR,MG,Nova Lima,-20.089858,-44.025261
LORS01495,BR,RS,Nova Petrópolis,-29.439358,-51.071492
LORS01496,BR,RS,Nova Petrópolis,-29.408198,-51.151784
LORS01497,BR,RS,Nova Roma Do Sul,-29.041442,-51.445281
LORS01502,BR,RS,Novo Hamburgo,-29.791254,-51.064856
LOSP01513,BR,SP,Nuporanga,-20.7639,-47.7881
LOSP01514,BR,SP,Olimpia,-20.7731,-48.9464
LOSP01515,BR,SP,Oriente,-22.1812,-50.1352
LOSP01516,BR,SP,Orlandia,-20.741015,-47.92435
LOSP01517,BR,SP,Orlândia,-20.7412,-47.9242
LOSP01520,BR,SP,Orlândia,-20.7412,-47.9242
LOSP01521,BR,SP,Orlândia,-20.7492,-47.9172
LOSC01523,BR,SC,Orleans,-28.4022,-49.3213
LOSC01524,BR,SC,Orleans,-28.401812,-49.32238
LOSC01525,BR,SC,Orleans,-28.401903,-49.322378
LOSP01529,BR,SP,Osasco,-23.567483,-46.812504
LOPA01532,BR,PA,Ourilândia Do Norte,-6.78717,-51.11247
LOSP01533,BR,SP,Ourinhos,-23.019018,-49.898595
LOSP01534,BR,SP,Ourinhos,-23.01908,-49.898922
LOSP01535,BR,SP,Ourinhos,-23.019095,-49.898921
LOSC01541,BR,SC,Palhoça,-27.66764,-48.681507
LOSC01542,BR,SC,Palhoça,-27.736577,-48.714372
LORS01543,BR,RS,Panambi,-28.369401,-53.555085
LORS01544,BR,RS,Panambi,-28.36877,-53.553325
LORS01545,BR,RS,Panambi,-28.3252,-53.5262
LORS01546,BR,RS,Panambi,-28.3252,-53.5262
LORS01547,BR,RS,Panambi,-28.3502,-53.5502
LORS01548,BR,RS,Panambi,-28.360577,-53.538067
LORS01549,BR,RS,Panambi,-28.345676,-53.553396
LORS01550,BR,RS,Panambi,-28.369365,-53.555121
LOMG01551,BR,MG,Pará De Minas,-19.923018,-44.621154
LOSP01554,BR,SP,Paraguaçu Paulista,-22.447339,-50.612371
LORJ01555,BR,RJ,Paraíba Do Sul,-22.235895,-43.325698
LOPR01557,BR,PR,Paranavaí,-23.09725,-52.50605
LOPA01561,BR,PA,Parauapebas,-6.09753,-49.9338
LOPA01562,BR,PA,Parauapebas,-6.1072,-50.1952
LOPA01563,BR,PA,Parauapebas,-6.107864,-50.193324
LOPA01564,BR,PA,Parauapebas,-6.05929,-49.938357
LORN01565,BR,RN,Parnamirim,-5.92455,-35.3018
LOMG01566,BR,MG,Passa Quatro,-22.418333,-45.005435
LOMG01567,BR,MG,Passa Quatro,-22.428796,-45.00237
LORS01568,BR,RS,Passo Fundo,-28.2967,-52.4441
LORS01569,BR,RS,Passo Fundo,-28.2614,-52.5047
LORS01570,BR,RS,Passo Fundo,-28.270084,-52.428439
LORS01571,BR,RS,Passo Fundo,-28.2962,-52.4442
LORS01572,BR,RS,Passo Fundo,-28.3032,-52.4662
LORS01573,BR,RS,Passo Fundo,-28.2629,-52.5048
LORS01574,BR,RS,Passo Fundo,-28.291403,-52.438204
LORS01575,BR,RS,Passo Fundo,-28.297663,-52.452077
LORS01576,BR,RS,Passo Fundo,-28.272845,-52.428419
LORS01577,BR,RS,Passo Fundo,-28.330769,-52.50004
LORS01578,BR,RS,Passo Fundo,-28.262851,-52.504784
LORS01579,BR,RS,Passo Fundo,-28.268217,-52.432959
LORS01580,BR,RS,Passo Fundo,-28.268217,-52.432959
LORS01581,BR,RS,Passo Fundo,-28.268217,-52.432959
LORS01582,BR,RS,Passo Fundo,-28.268217,-52.432959
LOPR01585,BR,PR,Pato Branco,-26.265088,-52.710947
LOPR01586,BR,PR,Pato Branco,-26.262708,-52.705888
LOSP01602,BR,SP,Paulínia,-22.8002,-47.1342
LOPE01605,BR,PE,Paulista,-7.974153,-34.9389
LOSP01606,BR,SP,Pederneiras,-22.374736,-48.79116
LOSP01607,BR,SP,Pederneiras,-22.374843,-48.791527
LOSP01608,BR,SP,Pedregulho,-20.29228,-47.50968
LOMG01609,BR,MG,Pedro Leopoldo,-19.642193,-44.090198
LORS01611,BR,RS,Pelotas,-31.728688,-52.373478
LORS01612,BR,RS,Pelotas,-31.80075,-52.381867
LORS01613,BR,RS,Pelotas,-31.79299,-52.372879
LORS01614,BR,RS,Pelotas,-31.790275,-52.369888
LORS01615,BR,RS,Pelotas,-31.815248,-52.377101
LORS01616,BR,RS,Pelotas,-31.769829,-52.383369
LORS01617,BR,RS,Pelotas,-31.800243,-52.381721
LOSP01623,BR,SP,Pindamonhangaba,-23.0139,-45.4986
LOSP01624,BR,SP,Pindorama,-21.223646,-48.97834
LOSC01625,BR,SC,Pinhalzinho,-26.84416,-53.06632
LOSC01626,BR,SC,Pinheiro Preto,-27.083313,-51.219431
LOSC01627,BR,SC,Pinheiro Preto,-27.0718,-51.2536
LOSP01628,BR,SP,Piracaia,-23.095187,-46.404938
LOSP01655,BR,SP,Pirapozinho,-22.3062,-51.5192
LOSP01656,BR,SP,Pirapozinho,-22.3122,-51.5172
LOSP01657,BR,SP,Pirapozinho,-22.30639,-51.52383
LOMG01659,BR,MG,Piumhi,-20.505184,-45.992678
LOSP01660,BR,SP,Pocos De Caldas,-21.8755,-46.594
LOMG01661,BR,MG,Pocos De Caldas,-21.884179,-46.615751
LOMG01662,BR,MG,Poços De Caldas,-21.8718,-46.6249
LOSP01663,BR,SP,Poços De Caldas,-21.817481,-46.664755
LOSP01664,BR,SP,Poços De Caldas,-21.8142,-46.6642
LOMG01665,BR,MG,Poços De Caldas,-21.8792,-46.6242
LOMG01666,BR,MG,Poços De Caldas,-21.817771,-46.627367
LOMG01667,BR,MG,Poços De Caldas,-21.816055,-46.601945
LOMG01668,BR,MG,Poços De Caldas,-21.820055,-46.602915
LOMG01669,BR,MG,Poços De Caldas,-21.879439,-46.624457
LOSP01671,BR,SP,Pompéia,-22.141242,-50.233846
LOMG01672,BR,MG,Pompéu,-19.253109,-45.039548
LOPR01673,BR,PR,Ponta Grosa,-25.2252,-50.1172
LOPR01675,BR,PR,Ponta Grossa,-25.0912,-50.2132
LOSP01679,BR,SP,Ponta Grossa,-25.1982,-50.1612
LOPR01680,BR,PR,Ponta Grossa,-25.2212,-50.1212
LOPR01681,BR,PR,Ponta Grossa,-25.135595,-50.162403
LOPR01682,BR,PR,Ponta Grossa,-25.478431,-49.297007
LORS01688,BR,RS,Porto Alegre,-30.073833,-51.241614
LOSP01698,BR,SP,Porto Feliz,-23.260246,-47.523332
LOMA01700,BR,MA,Porto Franco,-6.3821,-47.4099
LOSP01701,BR,SP,Potirendaba,-21.082,-49.413
LOSP01702,BR,SP,Potirendaba,-21.0832,-49.3972
LOSP01710,BR,SP,Praia Grande,-24.039902,-46.454068
LOSP01711,BR,SP,Praia Grande,-24.06125,-46.51524
LOSP01712,BR,SP,Presidente Prudente,-22.1972,-51.4112
LOSP01713,BR,SP,Presidente Prudente,-22.133691,-51.461421
LOSP01714,BR,SP,Presidente Prudente,-22.164613,-51.427789
LOSP01715,BR,SP,Presidente Venceslau,-21.906744,-51.876482
LOPR01716,BR,PR,Quatro Barras,-25.4111,-49.0877
LOPR01717,BR,PR,Quatro Barras,-25.411144,-49.086491
LOPR01719,BR,PR,Realeza,-25.810705,-53.580778
LOPE01720,BR,PE,Recife,-8.134471,-34.923441
LOPE01721,BR,PE,Recife,-8.087435,-34.942113
LOPE01722,BR,PE,Recife,-8.088054,-34.933172
LOPE01723,BR,PE,Recife,-8.166374,-34.938238
LOPE01724,BR,PE,Recife,-8.16648,-34.93812
LOSP01725,BR,SP,Registro,-24.522218,-47.881866
LORJ01726,BR,RJ,Resende,-22.536906,-44.684901
LOMG01728,BR,MG,Riacho Dos Machados,-16.04399,-43.08451
LOPR01729,BR,PR,Ribeirão Claro,-23.2249,-49.793
LOSP01732,BR,SP,Ribeirão Pires,-23.7382,-46.4242
LOSP01753,BR,SP,Ribeirão Preto,-21.1358,-47.8243
LOSP01754,BR,SP,Rinópolis,-21.74861,-50.74374
LOSP01755,BR,SP,Rinópolis,-21.7594,-50.7629
LOSP01756,BR,SP,Rinópolis,-21.759582,-50.763422
LORJ01761,BR,RJ,Rio Das Ostras,-22.531291,-41.961945
LORJ01762,BR,RJ,Rio Das Ostras,-22.531291,-41.961945
LORJ01763,BR,RJ,Rio Das Ostras,-22.548615,-41.964976
LORJ01764,BR,RJ,Rio Das Ostras,-22.51371,-41.94014
LORJ01776,BR,RJ,Rio De Janeiro,-22.84,-43.3749
LORJ01777,BR,RJ,Rio De Janeiro,-22.880377,-43.380469
LORJ01778,BR,RJ,Rio De Janeiro,-22.904783,-43.303389
LORJ01779,BR,RJ,Rio De Janeiro,-22.915373,-43.327157
LORJ01780,BR,RJ,Rio De Janeiro,-22.8842,-43.3792
LORJ01781,BR,RJ,Rio De Janeiro,-22.9112,-43.3262
LORJ01782,BR,RJ,Rio De Janeiro,-22.880903,-43.284998
LORJ01783,BR,RJ,Rio De Janeiro,-22.888704,-43.289984
LORJ01806,BR,RJ,Rio De Janeiro,-22.902178,-43.476804
LORJ01813,BR,RJ,Rio De Janeiro,-23.01374,-43.44321
LORJ01840,BR,RJ,Rio De Janeiro,-23.007377,-43.228072
LORJ01851,BR,RJ,Rio De Janeiro,-22.915846,-43.325224
LOMT01867,BR,MT,Rondonópolis,-16.5012,-54.6572
LOPE01869,BR,PE,Salgueiro,-8.10848,-39.15894
LOBA01873,BR,BA,Salvador,-13.033106,-38.54725
LOSP01886,BR,SP,Santa Bárbara D'Oeste,-22.7952,-47.4522
LOSP01887,BR,SP,Santa Bárbara D'Oeste,-22.81072,-47.47402
LOSP01888,BR,SP,Santa Bárbara D'Oeste,-22.789004,-47.455224
LOSP01889,BR,SP,Santa Bárbara D'Oeste,-22.808019,-47.416082
LOSP01890,BR,SP,Santa Bárbara D'Oeste,-22.793915,-47.42149
LOSP01891,BR,SP,Santa Bárbara D'Oeste,-22.79686,-47.424529
LOSP01892,BR,SP,Santa Bárbara D'Oeste,-22.798625,-47.417733
LORN01893,BR,RN,Santa Cruz,-6.262039,-36.056206
LOSP01894,BR,SP,Santa Cruz Do Rio Pardo,-22.93653,-49.662067
LORS01895,BR,RS,Santa Cruz Do Sul,-29.737649,-52.432526
LOSP01898,BR,SP,Santa Fé Do Sul,-20.248121,-50.964979
LOSP01899,BR,SP,Santa Gertrudes,-22.4955,-47.5808
LOGO01901,BR,GO,Santa Helena De Goiás,-17.8475,-50.6316
LORS01908,BR,RS,Santa Maria,-29.70957,-53.84253
LORS01909,BR,RS,Santa Maria,-29.77189,-53.83267
LORS01910,BR,RS,Santa Maria,-29.7402,-53.7542
LORS01911,BR,RS,Santa Maria,-29.77189,-53.83267
LORS01922,BR,RS,Santa Maria,-29.72091,-53.90825
LOPB01926,BR,PB,Santa Rita,-7.16614,-35.01409
LORS01927,BR,RS,Santa Rosa,-27.92323,-54.521475
LORS01928,BR,RS,Santa Rosa,-27.9057,-54.5156
LORS01929,BR,RS,Santa Rosa,-27.8982,-54.5122
LORS01930,BR,RS,Santa Rosa,-27.897991,-54.499961
LORS01931,BR,RS,Santa Rosa,-27.923197,-54.521625
LORS01932,BR,RS,Santa Rosa,-27.898157,-54.511626
LORS01933,BR,RS,Santa Rosa,-27.913125,-54.527014
LORS01934,BR,RS,Santa Rosa,-27.914428,-54.530397
LORS01935,BR,RS,Santa Rosa,-27.903354,-54.456597
LOSP01936,BR,SP,Santana De Parnaíba,-23.4372,-46.9132
LOSP01943,BR,SP,Santo André,-23.6987,-46.5281
LORS01956,BR,RS,Santo Angelo,-28.340766,-54.298847
LORS01957,BR,RS,Santo Ângelo,-28.342034,-54.300291
LOPR01959,BR,PR,Santo Antônio Da Platina,-23.326741,-50.092358
LOSP01961,BR,SP,Santo Antonio De Posse,-22.6416,-46.9551
LOSP01962,BR,SP,Santo Antônio De Posse,-22.6392,-47.0382
LOSP01963,BR,SP,Santos,-23.978581,-46.397705
LOSP01964,BR,SP,Santos,-23.979544,-46.371571
LOSP01965,BR,SP,Santos,-23.9811,-46.3712
LOSP01966,BR,SP,Santos,-23.992366,-46.368885
LOSP01967,BR,SP,Santos,-24.004782,-46.359821
LOSP01968,BR,SP,Santos,-23.983987,-46.369746
LOSP01969,BR,SP,Santos,-23.988524,-46.369916
LOSC01971,BR,SC,São Bento Do Sul,-26.28508,-49.419316
LOSP01973,BR,SP,Sao Bernardo Do Campo,-23.7278,-46.58844
LOSP01975,BR,SP,São Bernardo Do Campo,-23.6941,-46.6143
LOSP01976,BR,SP,São Bernardo Do Campo,-23.6941,-46.6143
LOSP01977,BR,SP,São Bernardo Do Campo,-23.6997,-46.6046
LOSP01991,BR,SP,São Bernardo Do Campo,-23.7002,-46.6042
LORS02004,BR,RS,São Borja,-28.693588,-56.033064
LOSP02005,BR,SP,São Caetano Do Sul,-23.6468,-46.60463
LOSE02013,BR,SE,São Cristóvão,-11.0551,-37.2413
LORJ02016,BR,RJ,Sao Goncalo,-22.865622,-43.092534
LORJ02017,BR,RJ,Sao Goncalo,-22.87598,-43.05289
LORJ02018,BR,RJ,São Gonçalo,-22.870639,-43.103203
LORJ02019,BR,RJ,São Gonçalo,-22.8742,-43.0542
LORJ02020,BR,RJ,São Gonçalo,-22.856756,-43.075891
LORJ02021,BR,RJ,São Gonçalo,-22.863137,-43.087295
LORJ02022,BR,RJ,São Gonçalo,-22.863137,-43.087295
LORJ02023,BR,RJ,São Gonçalo,-22.86185,-43.097804
LORJ02024,BR,RJ,São Gonçalo,-22.924947,-43.023213
LORJ02025,BR,RJ,São Gonçalo,-22.87598,-43.05289
LORJ02033,BR,RJ,São João Da Barra,-21.6783,-41.0558
LOSP02038,BR,SP,São Joaquim Da Barra,-20.520512,-47.906186
LOSP02039,BR,SP,São Joaquim Da Barra,-20.520512,-47.906186
LOPR02045,BR,PR,São Jorge D'Oeste,-25.768012,-52.955548
LOPR02046,BR,PR,São Jorge D'Oeste,-25.770191,-52.955777
LORS02054,BR,RS,São José Do Hortêncio,-29.586517,-51.340316
LOSP02056,BR,SP,Sao Jose Do Rio Pardo,-21.6491,-46.9287
LOSP02057,BR,SP,São José Do Rio Preto,-20.87533,-49.43682
LOSP02058,BR,SP,São José Do Rio Preto,-20.8652,-49.4572
LOSP02059,BR,SP,São José Do Rio Preto,-20.8502,-49.4492
LOSP02060,BR,SP,São José Dos Campos,-23.1822,-45.8162
LOSP02061,BR,SP,São José Dos Campos,-23.1742,-45.7952
LOSP02062,BR,SP,São José Dos Campos,-23.1743,-45.7955
LOSP02063,BR,SP,São José Dos Campos,-23.1743,-45.7955
LOSP02064,BR,SP,São José Dos Campos,-23.29441,-45.95603
LOSP02065,BR,SP,São José Dos Campos,-23.25786,-45.89127
LOSP02066,BR,SP,São José Dos Campos,-23.2872,-45.9504
LOSP02067,BR,SP,São José Dos Campos,-23.2792,-45.9752
LOSP02068,BR,SP,São José Dos Campos,-23.2872,-45.9504
LOSP02069,BR,SP,São José Dos Campos,-23.2872,-45.9504
LOSP02070,BR,SP,São José Dos Campos,-23.240221,-45.921834
LOSP02071,BR,SP,São José Dos Campos,-23.216843,-45.890447
LOSP02072,BR,SP,São José Dos Campos,-23.240261,-45.921832
LOSP02073,BR,SP,São José Dos Campos,-23.21512,-45.891664
LOSP02074,BR,SP,São José Dos Campos,-23.1744,-45.7952
LOSP02075,BR,SP,São José Dos Campos,-23.273263,-45.958588
LOPR02078,BR,PR,São José Dos Pinhais,-25.558293,-49.151932
LOPR02079,BR,PR,São José Dos Pinhais,-25.558293,-49.151932
LOPR02082,BR,PR,São José Dos Pinhais,-25.5752,-49.2312
LOMA02090,BR,MA,São Luís,-2.6009,-44.3653
LOMA02091,BR,MA,São Luís,-2.571543,-44.331777
LOMA02092,BR,MA,São Luís,-2.569973,-44.330428
LORS02093,BR,RS,São Luiz Gonzaga,-28.442669,-54.998225
LORS02094,BR,RS,São Marcos,-28.9928,-51.1151
LORS02095,BR,RS,São Marcos,-28.9952,-51.1142
LORS02096,BR,RS,São Marcos,-29.0062,-51.1072
LORS02097,BR,RS,São Marcos,-29.0092,-51.1132
LORS02098,BR,RS,São Marcos,-28.9952,-51.1142
LORS02099,BR,RS,São Marcos,-28.99353,-51.10566
LORS02100,BR,RS,São Marcos,-29.0022,-51.0842
LORS02101,BR,RS,São Marcos,-28.993003,-51.115777
LORS02102,BR,RS,São Marcos,-29.008144,-51.088187
LORS02103,BR,RS,São Marcos,-29.01024,-51.113317
LORS02104,BR,RS,São Marcos,-28.99363,-51.105598
LORS02105,BR,RS,São Marcos,-29.006925,-51.106625
LOSP02107,BR,SP,Sao Paulo,-23.2143,-46.9937
LOSP02185,BR,SP,São Paulo,-23.624366,-46.829506
LOSP02186,BR,SP,São Paulo,-23.6179,-46.70265
LOSP02187,BR,SP,São Paulo,-23.634982,-46.67839
LOSP02197,BR,SP,Sao Simao,-21.5131,-47.5849
LORS02198,BR,RS,Sapiranga,-29.683,-51.0417
LORJ02202,BR,RJ,Saquarema,-22.8685,-42.4917
LORJ02203,BR,RJ,Saquarema,-22.8952,-42.4992
LORJ02204,BR,RJ,Saquarema,-22.926962,-42.514399
LOPR02205,BR,PR,Sarandi,-23.481343,-51.898986
LOPR02207,BR,PR,Sarandi,-23.484972,-51.892455
LOES02214,BR,ES,Serra,-20.229658,-40.284403
LOES02215,BR,ES,Serra,-20.271398,-40.314479
LOSP02222,BR,SP,Sertaozinho,-21.2012,-48.0398
LOSP02223,BR,SP,Sertaozinho,-21.172,-48.0507
LOSP02224,BR,SP,Sertaozinho,-21.182571,-48.010493
LOSP02225,BR,SP,Sertaozinho,-21.20033,-48.03018
LOSP02226,BR,SP,Sertaozinho,-21.18086,-48.01149
LOSP02227,BR,SP,Sertaozinho,-21.18113,-48.05249
LOSP02228,BR,SP,Sertaozinho,-21.18113,-48.05249
LOPR02260,BR,PR,Siqueira Campos,-23.706304,-49.872407
LOSP02265,BR,SP,Sorocaba,-23.491685,-47.456119
LOSP02266,BR,SP,Sorocaba,-23.476112,-47.460459
LOSP02267,BR,SP,Sorocaba,-23.45146,-47.45611
LOSP02268,BR,SP,Sorocaba,-23.5182,-47.4982
LOSP02274,BR,SP,Sorocaba,-23.54896,-47.46501
LOSP02290,BR,SP,Sorocaba,-23.534508,-47.477404
LOSP02291,BR,SP,Sorocaba,-23.54854,-47.46515
LOSP02297,BR,SP,Suzano,-23.5689,-46.3458
LOSP02302,BR,SP,Suzano,-23.602595,-46.338694
LOSP02303,BR,SP,Suzano,-23.602595,-46.338694
LOSP02304,BR,SP,Tabatinga,-21.779096,-48.609485
LOSP02305,BR,SP,Taboão Da Serra,-23.66387,-46.82841
LOSP02306,BR,SP,Taboão Da Serra,-23.66387,-46.82841
LOSP02307,BR,SP,Taboão Da Serra,-23.66387,-46.82841
LOSP02308,BR,SP,Taboão Da Serra,-23.640921,-46.785721
LOSP02309,BR,SP,Taboão Da Serra,-23.675781,-46.845323
LORS02311,BR,RS,Tapejara,-28.102307,-52.05004
LORS02312,BR,RS,Tapera,-28.6732,-52.8967
LOSP02315,BR,SP,Taquaritinga,-21.4513,-48.517
LOSP02316,BR,SP,Taquaritinga,-21.44879,-48.51437
LOSP02317,BR,SP,Taquaritinga,-21.453507,-48.52645
LOSP02321,BR,SP,Taubate,-23.05642,-45.63098
LOSP02322,BR,SP,Taubaté,-23.053504,-45.635968
LOSP02323,BR,SP,Taubaté,-23.05676,-45.6315
LOSP02324,BR,SP,Taubaté,-23.054209,-45.634557
LOSP02325,BR,SP,Taubaté,-23.05039,-45.63641
LOSP02326,BR,SP,Taubaté,-23.04701,-45.63591
LOSP02327,BR,SP,Taubaté,-23.0262,-45.5502
LOSP02328,BR,SP,Taubaté,-23.065973,-45.601044
LOSP02329,BR,SP,Taubaté,-23.065973,-45.601044
LOSP02330,BR,SP,Taubaté,-23.065973,-45.601044
LOSP02331,BR,SP,Taubaté,-23.053539,-45.618241
LOSP02332,BR,SP,Taubaté,-23.047296,-45.636556
LOSP02333,BR,SP,Taubaté,-23.047296,-45.636556
LOSP02334,BR,SP,Taubaté,-23.0255,-45.5506
LOSP02335,BR,SP,Taubaté,-23.0542,-45.6367
LOPR02338,BR,PR,Telêmaco Borba,-24.397096,-50.694239
LORS02342,BR,RS,Tenente Portela,-27.405577,-53.793646
LOSP02343,BR,SP,Tietê,-23.1222,-47.7542
LOSP02344,BR,SP,Tietê,-23.155365,-47.741821
LOPR02345,BR,PR,Toledo,-24.661615,-53.805007
LOPR02346,BR,PR,Toledo,-24.765717,-53.77276
LOPR02347,BR,PR,Toledo,-24.765621,-53.776475
LORS02348,BR,RS,Tramandaí,-30.050628,-50.181833
LOMG02349,BR,MG,Tres Coraçoes,-21.703,-45.356
LORS02355,BR,RS,Três De Maio,-27.816271,-54.272395
LOMS02356,BR,MS,Três Lagoas,-20.8323,-51.7064
LOMS02357,BR,MS,Três Lagoas,-20.6341,-51.65
LOMG02358,BR,MG,Três Pontas,-21.41505,-45.530356
LORJ02359,BR,RJ,Três Rios,-22.138037,-43.217354
LOSC02361,BR,SC,Treze Tilias,-26.99891,-51.46449
LOSC02362,BR,SC,Treze Tílias,-27.030188,-51.448694
LOSC02363,BR,SC,Treze Tílias,-27.0069,-51.4993
LOSP02367,BR,SP,Tupa,-21.9818,-50.5539
LOMG02368,BR,MG,Ubá,-21.153813,-42.97707
LOMG02369,BR,MG,Uberaba,-19.781933,-48.016077
LOMG02370,BR,MG,Uberaba,-19.7578,-47.9512
LOMG02371,BR,MG,Uberaba,-19.8172,-47.9792
LOMG02372,BR,MG,Uberaba,-19.7582,-47.9512
LOMG02373,BR,MG,Uberaba,-19.778823,-47.973441
LOMG02374,BR,MG,Uberlandia,-18.8857,-48.3264
LOMG02375,BR,MG,Uberlandia,-18.88715,-48.32567
LOPR02386,BR,PR,União Da Vitória,-26.24884,-51.109829
LORS02387,BR,RS,Vacaria,-28.5452,-50.9652
LORS02388,BR,RS,Vacaria,-28.537334,-50.970547
LORS02389,BR,RS,Vacaria,-28.542447,-50.962697
LORS02400,BR,RS,Venâncio Aires,-29.6352,-52.2252
LORS02403,BR,RS,Veranópolis,-28.9888,-51.5981
LOMG02404,BR,MG,Vespasiano,-19.74994,-43.96268
LOMG02405,BR,MG,Vespasiano,-19.757156,-43.965596
LOSC02407,BR,SC,Videira,-27.0342,-51.1532
LOES02409,BR,ES,Vila Velha,-20.381718,-40.343865
LOES02419,BR,ES,Vitória,-20.3563,-40.3827
LOES02422,BR,ES,Vitória,-20.340859,-40.337973
LOES02423,BR,ES,Vitória,-20.329778,-40.340957
LOPE02427,BR,PE,Vitória De Santo Antão,-8.1562,-35.3572
LOSP02428,BR,SP,Votorantim,-23.6032,-47.4962
LOSC02429,BR,SC,Xanxerê,-26.8908,-52.4393
LOSC02430,BR,SC,Xaxim,-26.9962,-52.5722
